stockid,2019,2018,2017,2016,2015,2014,2013,2012,2011,2010,2009,2008
000001.SZ,,,,,1.0,1.0,,,1.0,1.0,,
000002.SZ,,,,,,,,,,,,
000004.SZ,,,,,,,,,,,,
000005.SZ,,,,,1.0,,,,,,,
000006.SZ,,,,,,,,,,,,
000007.SZ,,,,,,,,,1.0,,,
000008.SZ,,,,1.0,1.0,,,1.0,,,,
000009.SZ,,,,,1.0,,,,,,,
000010.SZ,,,,,1.0,,,,,,,
000011.SZ,,,,,,,,,,,,
000012.SZ,,,,,,,,,,,,
000014.SZ,,,,,,,,,,,,
000016.SZ,,,,,,,,,,,,
000017.SZ,,,,,,,,,,,,
000019.SZ,,1.0,,,,,,,1.0,,,
000020.SZ,,,,,,,,,,,,
000021.SZ,,,,,,,1.0,,,,,
000023.SZ,,,,,,,,,,,,
000025.SZ,,,,,1.0,,,,,,,
000026.SZ,,,,1.0,,,,,,1.0,,
000027.SZ,,,,,,,1.0,,,,,
000028.SZ,,,1.0,,,1.0,,,,,,
000029.SZ,,,,,,,,,,,,
000030.SZ,,,,,,,1.0,,,,,
000031.SZ,1.0,,,,,,,,,,,
000032.SZ,,,,,1.0,,,,,,,
000034.SZ,,,,1.0,,,,,,,,
000035.SZ,1.0,,1.0,,,1.0,,,,,,
000036.SZ,,,,,,,,,,,,
000037.SZ,,,,,,,,,,,,
000038.SZ,,,,1.0,,,,,,,,
000039.SZ,,,,,,,,,,,,
000040.SZ,,1.0,,1.0,,,,,,,,
000042.SZ,,,,,1.0,,,,,,,
000045.SZ,,,,,,,1.0,,,1.0,,
000046.SZ,,,,1.0,,,,,,,,1.0
000048.SZ,,,,,,,,,,,,
000049.SZ,,,,,,,,,,,,
000050.SZ,,1.0,,1.0,,1.0,,,,,,
000055.SZ,,,,1.0,,,,,,1.0,,
000056.SZ,,,,,1.0,,,,,,,
000058.SZ,,,1.0,,,,,,,,,
000059.SZ,,,,,,1.0,,,,,,1.0
000060.SZ,,,1.0,,1.0,,,,,,,
000061.SZ,,,,,,,1.0,,,,,1.0
000062.SZ,,,,,1.0,,,,,,1.0,
000063.SZ,,,,,,,,,,,,
000065.SZ,,,,1.0,1.0,,,,,,,
000066.SZ,,,1.0,,,,,,,1.0,,
000068.SZ,,,,,1.0,,,,,,,
000069.SZ,,,,1.0,,,,,,,1.0,
000070.SZ,,,,,1.0,,1.0,,,,,
000078.SZ,,,,1.0,,,1.0,,,,,
000088.SZ,,,,,,,,,,,,
000089.SZ,,,,,,,,,,,,1.0
000090.SZ,,,,,1.0,,,,,,,
000096.SZ,,,,,,,,,,,,
000099.SZ,,,,,,,,,,,,
000100.SZ,,,1.0,,1.0,1.0,,,,1.0,1.0,
000150.SZ,,,,,1.0,,,,,,,
000151.SZ,,,,,,,,,,,,
000153.SZ,,,,,,,1.0,,,,,
000155.SZ,,,,,,,,,,,,
000156.SZ,,,,,1.0,,1.0,1.0,,,,
000157.SZ,,,,,,,,,,1.0,,
000158.SZ,,,,,1.0,,,,,,,1.0
000159.SZ,,,,,,,,,,,,1.0
000166.SZ,,1.0,,,,,,,,,,
000301.SZ,,1.0,,,,,,,,,,
000333.SZ,,,,,1.0,,,,,,,
000338.SZ,,,,,,,,,,,,
000400.SZ,,,,,,1.0,,,,,,
000401.SZ,,,,,,,,1.0,,,,1.0
000402.SZ,,,,,,,,,,,,1.0
000403.SZ,,,,,,,,,,,,
000404.SZ,,,,,,,1.0,,,,,
000407.SZ,,,,1.0,,1.0,,,,,,
000408.SZ,,,,1.0,,,,,,,,
000409.SZ,,,,,,,1.0,,,,,
000410.SZ,,,,,,,1.0,,,,,
000411.SZ,1.0,,,,,,,,,,,
000413.SZ,,,1.0,1.0,1.0,,1.0,,,,,
000415.SZ,,,,1.0,,1.0,,,1.0,,,
000416.SZ,,,,,,,,,,,,
000417.SZ,,,,,,,,,1.0,,,
000419.SZ,,,,,,,,,,,,
000420.SZ,,,,1.0,,1.0,,,,,,
000421.SZ,,,,,1.0,,,,,,,
000422.SZ,,,,,,,,1.0,,,,
000423.SZ,,,,,,,,,,,,
000425.SZ,,1.0,,,,,,,,1.0,1.0,
000426.SZ,,,1.0,1.0,,,1.0,1.0,,,,
000428.SZ,,,,,1.0,,,,,,,1.0
000429.SZ,,,,1.0,,,,,,,,
000430.SZ,,,1.0,,,,,,1.0,,,
000488.SZ,,,,,,,,,,,,
000498.SZ,,,,,,,1.0,,,,,
000501.SZ,,,,1.0,,,,,,,,
000502.SZ,,,,,,,,,,,,
000503.SZ,,,,,,,,,,,,
000504.SZ,,,,,,,,,,,,
000505.SZ,,,1.0,,,,,,,,,
000506.SZ,,,,,,,,,,,,1.0
000507.SZ,1.0,,,,,,,,,,,
000509.SZ,,,,,,,,,,,,
000510.SZ,,,,,,,,,,,,
000513.SZ,,,,1.0,,,,,,,,
000514.SZ,,,,,,,,,,,,
000516.SZ,,,,,1.0,,,,,,,
000517.SZ,,,,,,,,,,,1.0,
000518.SZ,,,,,,,,,,,,
000519.SZ,,,1.0,,,,1.0,,,,,
000520.SZ,,,,,,,,,,,,
000521.SZ,,,,1.0,,,,,1.0,,,
000523.SZ,,,,1.0,,,,,1.0,,,
000524.SZ,,,1.0,,,,,,,,,
000525.SZ,,,,1.0,,,,,1.0,,,
000526.SZ,,,,,,,,,,,,
000528.SZ,,,,,,,,,1.0,,,
000529.SZ,,,,,,,,,,,1.0,
000530.SZ,,,,1.0,,,,,,,,
000531.SZ,,,,,,,,,1.0,,,
000532.SZ,,,,,,,,,,,,
000533.SZ,,,,,,,,,,,,
000534.SZ,,,,,,,,1.0,,,,
000536.SZ,,,,1.0,,,,,,1.0,,
000537.SZ,,,1.0,,,,,,,,,
000538.SZ,1.0,,,,,,,,,,,1.0
000539.SZ,,,,,,,,1.0,,1.0,,
000540.SZ,,,,1.0,,1.0,,,,,,1.0
000541.SZ,,,,,,,,,,,,
000543.SZ,1.0,,,,,,1.0,,,,,
000544.SZ,,,,1.0,,,,,,,,
000545.SZ,,,,,,1.0,1.0,,,,,
000546.SZ,,,1.0,,,1.0,,,,,,
000547.SZ,1.0,1.0,,,1.0,1.0,,,1.0,,,
000548.SZ,,,,,,,,,,,,
000550.SZ,,,,,,,,,,,,
000551.SZ,,,,,,,,,,1.0,,
000552.SZ,,,,,1.0,,1.0,,,,,
000553.SZ,,1.0,1.0,,,,,,,,,
000554.SZ,,,,,,,,,,,,
000555.SZ,,,,1.0,1.0,1.0,1.0,,,,,
000557.SZ,,,,1.0,,,,,,,,
000558.SZ,,,,,,1.0,,,,,,
000559.SZ,,,,,,,,,,1.0,,
000560.SZ,,1.0,1.0,,1.0,,,,1.0,,,
000561.SZ,,,,,,,,,,1.0,,
000563.SZ,,,,,1.0,,,1.0,,,,
000564.SZ,,,,1.0,1.0,,,1.0,,1.0,,
000565.SZ,,,,,,,,,,,,
000566.SZ,,,,1.0,1.0,,,,1.0,,,
000567.SZ,,1.0,,,,,,,,,,
000568.SZ,,,1.0,,,,,,,,,
000570.SZ,,,,,,,,,,,,
000571.SZ,,,,,,1.0,,,,,,
000572.SZ,,,,,,,,,,1.0,,
000573.SZ,,,,,,,,,,,,
000576.SZ,,,,,,,1.0,,,,,
000581.SZ,,,,,,,,1.0,,,,
000582.SZ,,1.0,,,1.0,,1.0,,,,,
000584.SZ,,,,,,,,,,,,1.0
000585.SZ,,,,,,,,,,,,
000586.SZ,,,,,,,,,,,,
000587.SZ,,,,,1.0,,,,,,,
000589.SZ,,,,,,1.0,,,,,,
000590.SZ,,,1.0,,,,,,,,,
000591.SZ,,,,1.0,,,,,,,,
000592.SZ,,,,,1.0,,,,,1.0,,1.0
000593.SZ,,,,1.0,,1.0,,,,,,
000595.SZ,,,,,1.0,,1.0,,,,,
000596.SZ,,,,,,,,,1.0,,,
000597.SZ,,1.0,,,,1.0,,,,,,1.0
000598.SZ,,,,,,,,,1.0,1.0,,
000599.SZ,,1.0,,,,1.0,,,,,,1.0
000600.SZ,,,,,,1.0,,,,,,
000601.SZ,,,,,,,1.0,,,,,
000603.SZ,,,,1.0,,,,,1.0,,,
000605.SZ,,,1.0,,,1.0,,,,,,
000606.SZ,,,,1.0,,,,1.0,,,1.0,
000607.SZ,,,,,,1.0,,,,,,
000608.SZ,,,,,,,,,,,,
000609.SZ,,,,,,,,,,,,
000610.SZ,,,,,1.0,,,,,,,
000611.SZ,,,,,,,,,,,,
000612.SZ,,,,,,,1.0,,,,,
000613.SZ,,,,,,,,,,,,
000615.SZ,,,,,1.0,,,,,,,
000616.SZ,,,,,,,,,,,,
000617.SZ,,,1.0,,,,,,,,,
000619.SZ,,,,,,,,,,,,
000620.SZ,,,,,1.0,,,,1.0,,,
000622.SZ,,,,,,,,,,,,
000623.SZ,,,,,,,,,,,,
000625.SZ,,,,1.0,,,,,1.0,,,
000626.SZ,,,,1.0,,,,,,,,
000627.SZ,,,1.0,1.0,,,,,,,,1.0
000628.SZ,,,,,1.0,,,,,,,
000629.SZ,,,,,,,,,,,1.0,
000630.SZ,,,1.0,,,1.0,,,,,,
000631.SZ,,,,1.0,,,,,,,1.0,
000632.SZ,,,,,,,,,,,,
000633.SZ,,,,,,,,,,,,
000635.SZ,,,,,,,,1.0,,,,
000636.SZ,,,,,1.0,1.0,,,,,,
000637.SZ,,,,,,,,,,,,
000638.SZ,,,,,,,,,,,,
000639.SZ,,1.0,,1.0,,,,,1.0,,,
000650.SZ,,,,,,,,1.0,,,1.0,
000651.SZ,,,,,,,,1.0,,,,
000652.SZ,,,,,,,,,,,,
000655.SZ,,,,,,,,,,,1.0,
000656.SZ,,,,1.0,,1.0,,,1.0,,,
000657.SZ,,,,,,1.0,1.0,,,,,
000659.SZ,,,,,,,,,,1.0,,
000661.SZ,1.0,,,,,,,,,,,
000662.SZ,,,,1.0,,,,,,,,
000663.SZ,,,,,1.0,,,,,,,
000665.SZ,,,,,1.0,1.0,,1.0,,,,
000666.SZ,,,,,,,,1.0,,,,
000667.SZ,,,,,,,,,,,,1.0
000668.SZ,,,,,,,,,,,,
000669.SZ,,,,,1.0,,,1.0,,,,
000670.SZ,,,,,,,,,,,,
000671.SZ,,,,,1.0,1.0,,,,,,1.0
000672.SZ,,,,,,,1.0,,,,,
000673.SZ,,,,,1.0,,,,,,,
000676.SZ,,,,1.0,,,,,,,,
000677.SZ,,,,,,,,,,,,
000678.SZ,,,,1.0,,,1.0,,,,,
000679.SZ,,,,,,,,,,,,
000680.SZ,,,,,,,1.0,,,,,
000681.SZ,,,,,1.0,1.0,,,,,,
000682.SZ,,1.0,,,,,,,,,,
000683.SZ,,,,1.0,1.0,1.0,,,,,,1.0
000685.SZ,,,,,1.0,,,,,,,1.0
000686.SZ,,,,,,,,1.0,,,,
000687.SZ,,,,,,,,1.0,,,,
000688.SZ,,,,,,,1.0,,,,,
000690.SZ,,,,1.0,,,,,,,,
000691.SZ,,,,,,,,,,,,
000692.SZ,,,,,,,,,,,,
000695.SZ,,,,,,,,,,,,
000697.SZ,,1.0,,,,1.0,,1.0,,,,
000698.SZ,,,,,1.0,,,,,,,1.0
000700.SZ,,1.0,,,1.0,,,,,,,
000701.SZ,,,,1.0,,1.0,,,,,,
000702.SZ,,,,,,,,,,,,
000703.SZ,1.0,1.0,,1.0,1.0,,,,1.0,,,
000705.SZ,,,,,,,,1.0,,,,
000707.SZ,,,,,,,,,,,,
000708.SZ,1.0,,,,,,,,,,,
000709.SZ,,,,,,,,,1.0,,,
000710.SZ,,,1.0,,,,,,,,,
000711.SZ,1.0,,1.0,1.0,,,,,,,,
000712.SZ,,,,,,,,1.0,,,,
000713.SZ,1.0,,,,,,,,,1.0,,
000715.SZ,,,,,,,,,,,,
000716.SZ,,1.0,,,,1.0,1.0,,,,,
000717.SZ,,,,,,,1.0,,,,,
000718.SZ,,,,,1.0,,,,,,,1.0
000719.SZ,,,,,,1.0,,,1.0,,,
000720.SZ,,,1.0,,,,,,,,,
000721.SZ,,,,,,,1.0,,,,,
000722.SZ,,,,,,,,1.0,,,,
000723.SZ,,,,1.0,1.0,,,,,,,
000725.SZ,,,,,,1.0,,,,1.0,1.0,1.0
000726.SZ,,,,,,,,,,,,1.0
000727.SZ,,,,,1.0,,,,,,,
000728.SZ,,,1.0,,,,,,,,1.0,
000729.SZ,,,,,,,1.0,,,,,1.0
000731.SZ,,,,,,,,,,,,
000732.SZ,,,,,1.0,,,,,1.0,,
000733.SZ,,1.0,,,,1.0,,,,,,
000735.SZ,,,,1.0,,,,,,,,
000736.SZ,,,,,,,,,,,,1.0
000737.SZ,,,,,,,,,,,,
000738.SZ,,,,,,,1.0,,,1.0,,
000739.SZ,,,1.0,,,1.0,1.0,,,,,
000750.SZ,,,,,1.0,,,,1.0,,,
000751.SZ,,,,,,,,,,,,
000752.SZ,,,,,,,,,,,,
000753.SZ,,,1.0,,,1.0,,,,,,
000755.SZ,,,,,,,,,,,,
000756.SZ,,,1.0,,,,,,,,,
000757.SZ,1.0,,,,,1.0,,,,,,
000758.SZ,,,,,,,,,,,,
000759.SZ,,,,,,,,,,,,
000760.SZ,,,,,,,1.0,,,,,
000761.SZ,,1.0,,,,,,,,,,
000762.SZ,,,,1.0,,,,,1.0,,,
000766.SZ,,,,1.0,1.0,,,,,,,
000767.SZ,,,1.0,,,,1.0,,,,,
000768.SZ,,,,,1.0,,,1.0,,,,1.0
000776.SZ,,,,,,,,,1.0,1.0,,
000777.SZ,,,,,,,,,,1.0,,
000778.SZ,,,1.0,,,,1.0,,,,1.0,
000779.SZ,1.0,,,,,,,,,,,
000780.SZ,,,,,,,,,,,,
000782.SZ,,,,,,1.0,,,,,,
000783.SZ,,,,1.0,,,,,1.0,,,
000785.SZ,1.0,,,,,,,,,,,
000786.SZ,,,,1.0,,1.0,,,,,,
000788.SZ,,,,,,,,,1.0,,1.0,
000789.SZ,,,,,,,,1.0,,,,
000790.SZ,,,,,,,,,,,,
000791.SZ,,,,1.0,,,,1.0,,,,
000792.SZ,,,,,1.0,,,,,,,
000793.SZ,,,,,1.0,1.0,1.0,,,,,
000795.SZ,,,,1.0,1.0,1.0,,,,,,
000796.SZ,,,,,1.0,,,,,,,
000797.SZ,,,,,,,,,,,,
000798.SZ,,,,,,,,,,,,
000799.SZ,,,,,,,,,1.0,,,
000800.SZ,,,,,,,,,,,,
000801.SZ,,,,,1.0,,,1.0,,1.0,,
000802.SZ,,,,1.0,,,,,1.0,,,
000803.SZ,,,,,,,,,,,,
000806.SZ,,,,,1.0,,,,,,,
000807.SZ,,,,1.0,1.0,,,,,,1.0,1.0
000809.SZ,,,,,,,,1.0,,,,
000810.SZ,,,,1.0,,1.0,,,,,,
000811.SZ,,,,,1.0,,,,,,,
000812.SZ,,,1.0,,,,,,,,,
000813.SZ,,,,1.0,,,1.0,,,,,
000815.SZ,,,,1.0,,,,,,,,
000816.SZ,,,,,,1.0,,,,,,
000818.SZ,,,,,,,,,,,,
000819.SZ,,,,,,,,,,,,
000820.SZ,,,,1.0,,,,,,,,
000821.SZ,,1.0,,,1.0,,,,,,,
000822.SZ,,,,,,,,,,,,
000823.SZ,,,,,,1.0,,,,,,1.0
000825.SZ,,,,,,,,,,,,1.0
000826.SZ,,,1.0,,,,,,,,,1.0
000828.SZ,,,,,,,,,,,,
000829.SZ,,,1.0,,,,,,,,,
000830.SZ,,,,,,,,,1.0,,,
000831.SZ,,,,,,,1.0,,,,,
000833.SZ,,,,,1.0,,,,,,,
000835.SZ,,,,1.0,,,,,,,,
000836.SZ,,,,,1.0,,,,,,1.0,
000837.SZ,,,,,,1.0,,,,,,
000838.SZ,,,,,1.0,,,,,,,
000839.SZ,,,,,,,,,,,,
000848.SZ,,,,,,,,,,,,
000850.SZ,,,,,,,,,,,,
000851.SZ,,,1.0,1.0,,1.0,,1.0,,,1.0,
000852.SZ,,,,,1.0,,,,,,,
000856.SZ,,,,,,,,,,,,
000858.SZ,,1.0,,,,,,,,,,
000859.SZ,,,,,,1.0,,,,,,
000860.SZ,,,,,,1.0,,,,,,
000861.SZ,,,,,,1.0,,,,,,1.0
000862.SZ,,,1.0,,,1.0,,,,,,
000863.SZ,,,,1.0,,1.0,,1.0,,,,
000868.SZ,,1.0,,,,,,,1.0,,,1.0
000869.SZ,,,,,,,,,,,,
000875.SZ,,,,1.0,,,1.0,,,,,1.0
000876.SZ,,,1.0,,,1.0,,,1.0,,,
000877.SZ,,,1.0,,,,,1.0,,1.0,,
000878.SZ,1.0,,,,,,,,1.0,,,
000880.SZ,,,,,,,,,,,,
000881.SZ,,,1.0,,,,,,,,,
000882.SZ,,,1.0,,,1.0,,,1.0,,1.0,
000883.SZ,,,,,1.0,,,1.0,,1.0,,
000885.SZ,,,1.0,,,1.0,,,,,1.0,
000886.SZ,,,,,,,,,,,,
000887.SZ,,,,1.0,,,,,,,1.0,
000888.SZ,,,,,,,1.0,,,,,
000889.SZ,,1.0,,,,1.0,,1.0,,,,
000890.SZ,,,,,,,,,,,,
000892.SZ,,,1.0,1.0,,,,,,,,
000893.SZ,,,,,1.0,,1.0,,,,,
000895.SZ,1.0,,,,,,,1.0,,,,
000897.SZ,,,,,,,,,,,,
000898.SZ,,,,,,,,,,,,
000899.SZ,,,,1.0,,,,,,,,
000900.SZ,,,,,,,,,,,,
000901.SZ,,,,1.0,,,,,,1.0,,
000902.SZ,,,,,1.0,1.0,,,,,,
000903.SZ,,,1.0,1.0,,1.0,,,,,,
000905.SZ,,,,,,,,,,,,
000906.SZ,,,,,1.0,,,,,1.0,,
000908.SZ,,,,,1.0,1.0,,,,,,
000909.SZ,,,1.0,,,,,,,,,
000910.SZ,,,,,,,,,,,,
000911.SZ,,,,,1.0,,,,,,,
000912.SZ,,,,,,,,,,,,
000913.SZ,,,,,,,,,,,,
000915.SZ,,,,,,,,,,,,
000917.SZ,,,,,,,1.0,1.0,,,,
000918.SZ,,,,,,,,,,,1.0,
000919.SZ,,,,,,,,,,,,
000920.SZ,,,,,,,,,,,,
000921.SZ,,,,,,,,,,1.0,,
000922.SZ,,,,,,1.0,1.0,,,,,
000923.SZ,,,1.0,,,,,,,,,
000925.SZ,,,1.0,,1.0,,,,1.0,,1.0,
000926.SZ,,,,1.0,,,,,,,,1.0
000927.SZ,,,,,,,,,,,,
000928.SZ,,,,1.0,,1.0,,,,,,
000929.SZ,,,,,,,,,,,,
000930.SZ,,1.0,,,,,,,,,,
000931.SZ,,,1.0,,,,,,,,,
000932.SZ,,,,,,,,,1.0,,,1.0
000933.SZ,,,,,,,,1.0,,,,
000935.SZ,,,,,1.0,,,,1.0,,,
000936.SZ,,,,,1.0,,,,,,,
000937.SZ,,,,,,1.0,,,,1.0,,
000938.SZ,,,,1.0,,,,,,,,
000939.SZ,,,,1.0,1.0,,,,,,,1.0
000948.SZ,,,,,,,1.0,,,,,1.0
000949.SZ,,,,1.0,,1.0,,,,1.0,,
000950.SZ,,,1.0,,,,,,,,1.0,
000951.SZ,,,,,,,,,,,,
000952.SZ,,,,,,,,,,,,
000953.SZ,,,,,,,,,,,,
000955.SZ,,,,,,,,1.0,,,,
000957.SZ,,,,,1.0,,,,,,,
000958.SZ,,,,1.0,,1.0,,,,,,
000959.SZ,,,,,,1.0,,,,,,
000960.SZ,,,1.0,,1.0,,1.0,,,,,
000961.SZ,,,,1.0,,,,,,,1.0,
000962.SZ,,,,,,,,,,,,
000963.SZ,,,,1.0,,,,,,,,
000965.SZ,,,,,,1.0,,,,,1.0,
000966.SZ,,,,,,,,,,,,
000967.SZ,1.0,1.0,,,1.0,1.0,,,,,,
000968.SZ,,,1.0,,,,,,,,,
000969.SZ,,,,1.0,,,,,,,,
000970.SZ,,,,,,,,1.0,,,,
000971.SZ,,1.0,,1.0,1.0,,,,,,,
000972.SZ,,,,,,,,,,1.0,,
000973.SZ,,,,,,,1.0,,,,,
000975.SZ,,1.0,,,,,1.0,,,,,
000976.SZ,,,,1.0,,,,,,,,
000977.SZ,,,,1.0,,1.0,,,,,,
000978.SZ,,,,,,,,,,1.0,,
000980.SZ,,,1.0,,,1.0,,,,,,
000981.SZ,,,1.0,,,,,,1.0,,,
000982.SZ,,,,,,1.0,,,1.0,,,
000983.SZ,,,,,,,,,,,,
000985.SZ,,,,,,,,,,,,
000987.SZ,,1.0,,1.0,,,,,,,,
000988.SZ,,,1.0,,,,,,1.0,,,
000989.SZ,,,,,1.0,,,,,,,
000990.SZ,,,,1.0,,1.0,,,,,1.0,1.0
000993.SZ,,,1.0,,,,,,,,,
000995.SZ,,,,,,,,,,,,
000996.SZ,,,,,,,,,,,,
000997.SZ,,,1.0,,,,,,,1.0,,
000998.SZ,,1.0,,1.0,,1.0,,,,,,
000999.SZ,,,,,,,,,,,,
001696.SZ,,,,,,,,1.0,,,,
001872.SZ,1.0,1.0,,,,,,,,,,
001896.SZ,,,1.0,,,1.0,,,,1.0,,
001914.SZ,1.0,,,,,,,,,,,
001965.SZ,,,,,,,,,,,,
001979.SZ,,,,1.0,,,,,,,,
002001.SZ,,,1.0,,,,,,,1.0,,
002002.SZ,,,1.0,,1.0,,1.0,,,,,
002003.SZ,,,,1.0,,,,,,,,
002004.SZ,,,,,1.0,1.0,1.0,,1.0,,,
002005.SZ,,,1.0,,,1.0,,1.0,,1.0,,
002006.SZ,,,,,,,,,1.0,,,
002007.SZ,,,,,,,,,,,,1.0
002008.SZ,,,,,,,,,,,,1.0
002009.SZ,,,,1.0,1.0,,1.0,,,,,
002010.SZ,,,,,1.0,,,,,1.0,,
002011.SZ,,,,1.0,,,,,1.0,,1.0,
002012.SZ,,,,,,,,,1.0,,,
002013.SZ,,,,1.0,,,,1.0,,,,
002014.SZ,,,,1.0,,,,1.0,,,,
002015.SZ,1.0,,,,,,,,,,1.0,
002016.SZ,,,,,1.0,,,,,,,1.0
002017.SZ,,,,,,,,,,,,
002019.SZ,,,1.0,,,1.0,,,,,1.0,
002020.SZ,,,1.0,1.0,,1.0,,,1.0,,,
002021.SZ,,,,,,1.0,,,,,,
002022.SZ,,,,,1.0,,,,,,,
002023.SZ,,,,,1.0,,1.0,,,1.0,,
002024.SZ,,,,1.0,,,,1.0,,,1.0,1.0
002025.SZ,,,,,,,,,,,,
002026.SZ,,,,1.0,,1.0,,,,,,
002027.SZ,,,,1.0,1.0,,,,,,,
002028.SZ,,,,,,,,,,,,
002029.SZ,,,,,,,,1.0,,,,
002030.SZ,,,,,,,,,,,,
002031.SZ,,,,,,1.0,,,,,,
002032.SZ,,,,,,,,,,,,
002033.SZ,,,,,,1.0,,1.0,,1.0,,
002034.SZ,,,1.0,1.0,,,,,,,,
002035.SZ,,,,,,,1.0,1.0,,,,
002036.SZ,,,,,1.0,,,,,,,
002037.SZ,1.0,,,,,,,1.0,,,,
002038.SZ,,,,,,,,,,,,
002039.SZ,,,,,,,,,1.0,,,
002040.SZ,,,1.0,,,,,,,,,
002041.SZ,,,,,,,,,,,,
002042.SZ,,,1.0,,,,,,,1.0,1.0,
002043.SZ,,,,1.0,,,,,1.0,,,
002044.SZ,1.0,,1.0,,1.0,,,,,,,
002045.SZ,,1.0,,,,,,,,1.0,,
002046.SZ,,1.0,1.0,1.0,,,,,,,1.0,
002047.SZ,,,1.0,,,1.0,1.0,,,,,
002048.SZ,,,1.0,,,,,,,1.0,,
002049.SZ,,,,,,,1.0,1.0,,,,
002050.SZ,,,1.0,1.0,1.0,,,,,1.0,,1.0
002051.SZ,1.0,,,,,,,1.0,,1.0,,
002052.SZ,,,,,1.0,,,,,,1.0,
002053.SZ,1.0,,,,1.0,,,,,,,
002054.SZ,,,,,,,,,,,,
002055.SZ,,,1.0,,1.0,,,,1.0,,,
002056.SZ,,,,,,,,,,,,
002057.SZ,,,1.0,,,,,1.0,,,,
002058.SZ,,,,,,,,,,,,
002059.SZ,1.0,,,,,1.0,1.0,,,,,
002060.SZ,,,,,,,,,1.0,,,1.0
002061.SZ,,1.0,1.0,1.0,,,1.0,,,,,
002062.SZ,,,,,,,,,,,,1.0
002063.SZ,,1.0,,,,,,,,,,
002064.SZ,1.0,,,,,1.0,,,,,,
002065.SZ,,,,,1.0,1.0,,,1.0,,,1.0
002066.SZ,,,,,,,,,,,1.0,
002067.SZ,,,,,,,,,1.0,,,
002068.SZ,,,1.0,,,,,,1.0,,,
002069.SZ,,,,,,,,,1.0,,,
002071.SZ,,,,,,1.0,,,,,,
002072.SZ,,,,,,,,,,,,
002073.SZ,,,,1.0,1.0,,,,,,1.0,
002074.SZ,,,,,1.0,,,,,,,
002075.SZ,,,,,,,,,,1.0,,
002076.SZ,,1.0,,,1.0,,,,,,,
002077.SZ,,,,1.0,1.0,,,,,,,
002078.SZ,,,,,1.0,,1.0,,,,,
002079.SZ,,,,,,,,,1.0,,,
002080.SZ,,,,1.0,,,,,,1.0,,
002081.SZ,,,,,,,,,1.0,,,
002082.SZ,,,,,,,,,,,,1.0
002083.SZ,,,,,,,,,,,,
002084.SZ,,,1.0,,1.0,,,,,,,
002085.SZ,,,,,1.0,,,,1.0,,,
002086.SZ,,1.0,,,1.0,,,,,,,1.0
002087.SZ,,,,1.0,,,,,,1.0,,
002088.SZ,,,,,,,,,,,1.0,
002089.SZ,,,,,,,1.0,,,1.0,,
002090.SZ,,,,,1.0,,,,,,,
002091.SZ,,,1.0,,,,,,,,,
002092.SZ,,,,1.0,,,1.0,,,1.0,,
002093.SZ,,,1.0,,,,,,1.0,,,
002094.SZ,,1.0,1.0,1.0,,,,,,,,
002095.SZ,,,,,,,,,,,,
002096.SZ,,,,,,,,1.0,,,,
002097.SZ,,,1.0,,,1.0,,,,,,1.0
002098.SZ,,,,,1.0,,,,,,,
002099.SZ,,,,1.0,,1.0,,,,,,
002100.SZ,,,,,1.0,,1.0,,,1.0,,1.0
002101.SZ,,,1.0,,,,1.0,,,1.0,,
002102.SZ,,,1.0,,1.0,1.0,,,,1.0,,
002103.SZ,,,,,1.0,,,,,,,
002104.SZ,,,,,,,,,,,,
002105.SZ,,,,,,,,,,,,
002106.SZ,,,,,,,1.0,,,,,
002107.SZ,,,,,,,,,,,,1.0
002108.SZ,,,,1.0,,1.0,,1.0,,,1.0,
002109.SZ,,,,1.0,,,,,,,,
002110.SZ,,1.0,,1.0,,,,,,,,
002111.SZ,,,,1.0,1.0,,,,1.0,1.0,,
002112.SZ,,,,,,,,,,,,
002113.SZ,,,1.0,1.0,,,,,,,,
002114.SZ,,,1.0,,,,1.0,,,,,
002115.SZ,,1.0,1.0,,,,,,1.0,,1.0,
002116.SZ,,,,,,,,,,,,
002117.SZ,,,,,,,,,,1.0,,
002118.SZ,,,,1.0,,,,,,1.0,,
002119.SZ,,,,,,,1.0,,,,,
002120.SZ,,1.0,,1.0,,,,,,,,
002121.SZ,,,1.0,,1.0,,,,,1.0,,
002122.SZ,,,,,,,,,,,1.0,
002123.SZ,,,,,1.0,,,,,,1.0,
002124.SZ,,,1.0,,1.0,,,,,,,
002125.SZ,,,,1.0,1.0,,,,1.0,,,
002126.SZ,,,1.0,,1.0,,,,1.0,,,
002127.SZ,,,1.0,1.0,,,,,,1.0,,
002128.SZ,1.0,,,,,1.0,,,,,,
002129.SZ,,1.0,,,1.0,1.0,,1.0,,,,1.0
002130.SZ,,,,1.0,,,,,,,,
002131.SZ,,,,1.0,1.0,1.0,,1.0,,,,
002132.SZ,,,,1.0,,,,,,1.0,,
002133.SZ,,,,,,1.0,,,,,,
002134.SZ,,,,,,,,,,,,
002135.SZ,,,1.0,1.0,,,,,1.0,,,
002136.SZ,,,,,,,,,1.0,,,
002137.SZ,,,,1.0,1.0,,1.0,,,,,
002138.SZ,,,1.0,,,1.0,,,1.0,,,
002139.SZ,,,,1.0,1.0,,,,,,,
002140.SZ,,,,,,,,,,,,
002141.SZ,,,,1.0,,,,,,,,
002142.SZ,,,,,,1.0,,,,1.0,,
002144.SZ,,,,,,,1.0,,,1.0,,
002145.SZ,,,,,1.0,1.0,1.0,,,,,
002146.SZ,,,,,1.0,,,,,,1.0,
002147.SZ,,,,1.0,,,,,,1.0,,
002148.SZ,,,,,,1.0,,,,,,
002149.SZ,,,,1.0,,,,,,,1.0,
002150.SZ,,,,1.0,,,,,,,,
002151.SZ,,,,1.0,1.0,,,,,1.0,,
002152.SZ,,,,1.0,,,,,,,,
002153.SZ,,,,,1.0,,,,,,,
002154.SZ,,,,,,,,1.0,,,1.0,
002155.SZ,,,,1.0,1.0,,,,,,,
002156.SZ,,1.0,,,1.0,,,,,1.0,,
002157.SZ,1.0,,1.0,,1.0,1.0,,,,1.0,,
002158.SZ,,,,,1.0,,,,,,,
002159.SZ,,,,,,1.0,,,,,,
002160.SZ,1.0,1.0,,1.0,1.0,1.0,,,,,,
002161.SZ,,,,,,,,,1.0,,,
002162.SZ,,,,,,1.0,,,,,,
002163.SZ,,,,,,,,,,1.0,,
002164.SZ,,,1.0,,,,,,,1.0,,
002165.SZ,,,,1.0,,,,,1.0,,,
002166.SZ,,,,,1.0,,,,,,,
002167.SZ,,,,,,,,,1.0,,1.0,
002168.SZ,,,,,,,,,1.0,,,
002169.SZ,,,,1.0,1.0,,,,,1.0,,
002170.SZ,,,,1.0,1.0,,,1.0,,,,
002171.SZ,1.0,,1.0,,1.0,1.0,,,,,,
002172.SZ,,1.0,,,1.0,,,,1.0,,,
002173.SZ,,,,1.0,,,,,,,,
002174.SZ,,,1.0,,1.0,1.0,,,,,,
002175.SZ,,,,1.0,,1.0,1.0,,,,,
002176.SZ,,1.0,,1.0,1.0,1.0,,,1.0,,,
002177.SZ,,,,,,,,,,,1.0,
002178.SZ,,,,,1.0,,1.0,,,,,
002179.SZ,,,,,,,1.0,,,,,
002180.SZ,,,1.0,,1.0,1.0,,,,,,
002181.SZ,,,,,,1.0,,1.0,,,,
002182.SZ,,,,1.0,,,,,,,,
002183.SZ,,,,,1.0,,1.0,,,,,
002184.SZ,,,,1.0,,,,,,,,
002185.SZ,,,,,1.0,,,,1.0,,,
002186.SZ,,,,,,1.0,,,,,,
002187.SZ,,,,,,,,,1.0,1.0,,
002188.SZ,,,,,1.0,,,,,,,
002189.SZ,1.0,,,,,,,,,,,
002190.SZ,,1.0,,,,,,,1.0,,,
002191.SZ,,,1.0,,,,,,,,,
002192.SZ,,,,,1.0,,1.0,,,,,
002193.SZ,,,,1.0,,,,,,,,
002194.SZ,,,,1.0,,,,,,,,
002195.SZ,,,,1.0,,1.0,,,,,,
002196.SZ,1.0,,,,1.0,1.0,1.0,,,,,
002197.SZ,,,,1.0,,,1.0,,,,,
002198.SZ,,,,,,,1.0,,,,,
002199.SZ,,,,,,1.0,,,1.0,,,
002200.SZ,,,,,,1.0,,,,,,
002201.SZ,,,,,1.0,,,,,,,
002202.SZ,,,,,1.0,,,,,,,
002203.SZ,,1.0,,,1.0,,,,,,,
002204.SZ,,,,,,,,,1.0,,,
002205.SZ,,,,,,,,,1.0,,,
002206.SZ,,,,1.0,,,,,1.0,,,
002207.SZ,,,,,,1.0,,,,,,
002208.SZ,,,,,,,,,,,,
002209.SZ,,,,,,,,,,,1.0,
002210.SZ,,,,,1.0,,,,,,,
002211.SZ,,,,,,,,,,1.0,,
002212.SZ,,,1.0,,,,,,,1.0,,
002213.SZ,,,,,,,,,,,,
002214.SZ,,,,,,1.0,,,,,,
002215.SZ,,,,,,,,,,1.0,,
002216.SZ,,,,,,,,,1.0,,,
002217.SZ,,,1.0,,1.0,1.0,,,,,,
002218.SZ,,,,,1.0,,,,1.0,,,
002219.SZ,,,,,1.0,,,,,,,
002220.SZ,,,,1.0,,,,,1.0,,,
002221.SZ,,,,1.0,,1.0,,1.0,,,,
002222.SZ,,,,,,,,,,,,
002223.SZ,,,,1.0,,,,,,1.0,,
002224.SZ,,,,,,,1.0,,,,,
002225.SZ,1.0,,,,1.0,1.0,1.0,,,1.0,,
002226.SZ,,1.0,,1.0,,,,,1.0,,,
002227.SZ,,,,,,,,,,,,
002228.SZ,,,1.0,,1.0,,,,,1.0,,
002229.SZ,,,,1.0,,,,,1.0,,,
002230.SZ,1.0,,1.0,1.0,1.0,,1.0,,1.0,,,
002231.SZ,,,,,,,,,1.0,,,
002232.SZ,,,,,,,,,,,,
002233.SZ,,,1.0,,,,,,,,,
002234.SZ,,,,,,,,,1.0,,,
002235.SZ,,,,1.0,,,,,,,,
002236.SZ,,,,,,,1.0,,,,,
002237.SZ,,,,,,,,,1.0,,,
002238.SZ,,,,,,1.0,,,,,,
002239.SZ,,,,1.0,1.0,,,,,,,
002240.SZ,1.0,,1.0,,,,,,,,,
002241.SZ,,,,,,,,1.0,,1.0,,
002242.SZ,,,,,,,,,,,,
002243.SZ,1.0,,,,,,1.0,,,,,
002244.SZ,,,,1.0,,,,,,,,
002245.SZ,,,,,,1.0,,,,,,
002246.SZ,,1.0,1.0,,,,1.0,,,,,
002247.SZ,,,,1.0,,,1.0,,,,,
002248.SZ,,,,,,1.0,,,,1.0,,
002249.SZ,,,,1.0,,1.0,,,1.0,,,
002250.SZ,,,1.0,,,,,,1.0,,,
002251.SZ,,,,1.0,1.0,,1.0,,,,,
002252.SZ,,,,,1.0,1.0,,,,,,
002253.SZ,,,,,1.0,,,,1.0,,,
002254.SZ,,,,,,,,,,,,
002255.SZ,,1.0,1.0,,1.0,,,,,,1.0,
002256.SZ,,,,1.0,,,,,,,,
002258.SZ,,,,,,,,,,,,
002259.SZ,,,,1.0,,,,,1.0,,,
002260.SZ,,,,,,,,,,,,
002261.SZ,,,,,1.0,,,,,,,
002262.SZ,,,,,1.0,,,,,,,
002263.SZ,,,,,1.0,,,,1.0,1.0,,
002264.SZ,,,,1.0,,,,,1.0,,,
002265.SZ,,,1.0,,,,,,,,,
002266.SZ,,,,,,1.0,1.0,,,,,
002267.SZ,,,,,,1.0,,,,,,
002268.SZ,,,1.0,,,1.0,,,,,,
002269.SZ,,,,,,,,,,,,
002270.SZ,,,,1.0,1.0,,,,,,,
002271.SZ,,,,,,1.0,,,1.0,,,
002272.SZ,,,,,,,,1.0,,1.0,,
002273.SZ,,,,,1.0,1.0,,,1.0,,,
002274.SZ,,,,,1.0,,1.0,,,,,
002275.SZ,,,,,,,,,,,,
002276.SZ,,,1.0,,,,,1.0,1.0,,,
002277.SZ,,,,1.0,,,,,,,,
002278.SZ,,,,,,,,,,,,
002279.SZ,,,,,1.0,,,,,,,
002280.SZ,,,,1.0,1.0,1.0,,,,,,
002281.SZ,1.0,,,,,1.0,1.0,,,,,
002282.SZ,,1.0,1.0,,,,,,,,,
002283.SZ,,,,,,,,,1.0,,,
002284.SZ,,,,,,1.0,,,,,,
002285.SZ,,,,,1.0,,,,,,,
002286.SZ,,,,,,,1.0,,,,,
002287.SZ,,,,,,,,,,,,
002288.SZ,,,,,1.0,,,1.0,,,,
002289.SZ,,,,,,1.0,1.0,,,,,
002290.SZ,,,,1.0,,,,,,,,
002291.SZ,1.0,,,,1.0,,,,,,,
002292.SZ,,1.0,,1.0,,1.0,,,,,,
002293.SZ,,1.0,,,,,,,,,,
002294.SZ,,,,,,,,,,,,
002295.SZ,,,,,1.0,,,,,,,
002296.SZ,,,,,,,1.0,,,,,
002297.SZ,,,,1.0,,1.0,,,,,,
002298.SZ,,,,1.0,1.0,,,1.0,,,,
002299.SZ,,,1.0,,1.0,,,,1.0,,,
002300.SZ,,,,,,,,,,,,
002301.SZ,1.0,,1.0,,,,,,,,,
002302.SZ,,,1.0,,,1.0,1.0,,,,,
002303.SZ,,,,1.0,,,,,,,,
002304.SZ,,,,,,,,,,,,
002305.SZ,,,,1.0,,,,,,,,
002306.SZ,,,,,,,,,,,,
002307.SZ,,,1.0,,,,,,1.0,,,
002308.SZ,,,1.0,,,,,,,,,
002309.SZ,,1.0,,1.0,,1.0,,,,,,
002310.SZ,,,,1.0,,,1.0,,,,,
002311.SZ,,,,,,,1.0,,,,,
002312.SZ,,,,,1.0,,,,,,,
002313.SZ,,,,,,,,1.0,,,,
002314.SZ,,,,,1.0,,,,,,,
002315.SZ,,,,,,,,,,,,
002316.SZ,,,,,,,,,,,,
002317.SZ,,,,1.0,,,,,,,,
002318.SZ,,,,,,,,,,,,
002319.SZ,,,,,,,,,,,,
002320.SZ,,,1.0,,,,,,,,,
002321.SZ,,,,1.0,,,1.0,,,,,
002322.SZ,,,,,1.0,,,,,,,
002323.SZ,,,,,1.0,,,,,,,
002324.SZ,,,1.0,,,,,,,,,
002325.SZ,,,,,,1.0,,,,,,
002326.SZ,,,1.0,,,1.0,,,,,,
002327.SZ,,,,,,,,,,,,
002328.SZ,,,,,,,,,,,,
002329.SZ,,,,,1.0,1.0,,,,,,
002330.SZ,,,,,,,,,,,,
002331.SZ,,1.0,,,,1.0,,,1.0,,,
002332.SZ,,,,,1.0,,,,,,,
002333.SZ,,,,,,,,,,,,
002334.SZ,,,,,,,,,,,,
002335.SZ,,,,1.0,,,,,,,,
002336.SZ,,,,,,,,,,,,
002337.SZ,,,,,,,,,,,,
002338.SZ,,,,,,,,,,,,
002339.SZ,,,1.0,,,,1.0,,,,,
002340.SZ,,1.0,,,1.0,1.0,,,1.0,,,
002341.SZ,,1.0,,1.0,,,1.0,,,,,
002342.SZ,,,,,,,,,,,,
002343.SZ,,,1.0,,1.0,,,,,,,
002344.SZ,,,,1.0,,,,,,,,
002345.SZ,,,1.0,,,,1.0,,,,,
002346.SZ,,,,,,1.0,,,,,,
002347.SZ,,,,,,,,,,,,
002348.SZ,,,,,,,,,,,,
002349.SZ,,,,,1.0,,,,,,,
002350.SZ,,,,,,,,,,,,
002351.SZ,,,,,,,,,,,,
002352.SZ,,,1.0,,,,,,,,,
002353.SZ,,,,,,1.0,,,,,,
002354.SZ,,,1.0,,1.0,1.0,,,,,,
002355.SZ,,1.0,,,,,,1.0,,,,
002356.SZ,,,,,,1.0,,,,,,
002357.SZ,,,,,,,,,,,,
002358.SZ,,,,1.0,,,1.0,,,,,
002359.SZ,,,1.0,,,,1.0,,,,,
002360.SZ,,,,,,1.0,,,,,,
002361.SZ,,,,,1.0,1.0,,,,,,
002362.SZ,,,,,,,,,,,,
002363.SZ,,,1.0,,,,1.0,,,,,
002364.SZ,,,,1.0,,,,1.0,,,,
002365.SZ,,,,,,,,,,,,
002366.SZ,,,,,1.0,,,,,,,
002367.SZ,,,,1.0,,,,,,,,
002368.SZ,,,,,,,1.0,,,,,
002369.SZ,,,1.0,,,,,1.0,,,,
002370.SZ,,,,1.0,,,,,,,,
002371.SZ,1.0,,,1.0,,,,1.0,,,,
002372.SZ,,,,,,,,,,,,
002373.SZ,,1.0,,,1.0,1.0,,,,,,
002374.SZ,,,,1.0,,1.0,,1.0,,,,
002375.SZ,,,,,,1.0,,,,,,
002376.SZ,,1.0,,1.0,,,,,,,,
002377.SZ,,,1.0,,,,,,,,,
002378.SZ,,,,,,1.0,,,,,,
002379.SZ,,,,,,,,1.0,,,,
002380.SZ,,,,1.0,,,,,,,,
002381.SZ,,,,1.0,,,,,,,,
002382.SZ,,1.0,,,,,,,,,,
002383.SZ,,,,1.0,1.0,,,,,,,
002384.SZ,,,1.0,,1.0,,,,,,,
002385.SZ,,,,,1.0,,,,,,,
002386.SZ,,1.0,,,,,,,,,,
002387.SZ,,1.0,,,,,,,,,,
002388.SZ,,,1.0,,,,,,,,,
002389.SZ,,,1.0,,1.0,1.0,,1.0,,,,
002390.SZ,,,,1.0,,1.0,,,,,,
002391.SZ,,,,,,,,,,,,
002392.SZ,,,,,,,1.0,,,,,
002393.SZ,,,,,,,,,,,,
002394.SZ,,,,,,,,,,,,
002395.SZ,,,,,,,,,,,,
002396.SZ,,,1.0,,1.0,,,,,,,
002397.SZ,,1.0,,,,,,,,,,
002398.SZ,,,,,,,,,,,,
002399.SZ,,,,,,,,,,,,
002400.SZ,,,,1.0,1.0,,,,,,,
002401.SZ,,,,,,,,,,,,
002402.SZ,,1.0,,,,1.0,,,,,,
002403.SZ,,,,1.0,,,,,,,,
002404.SZ,,1.0,,,,,,,,,,
002405.SZ,,,1.0,,,,,,,,,
002406.SZ,,,,,,,,,,,,
002407.SZ,,1.0,,,1.0,,,,,,,
002408.SZ,,,,,1.0,,,,,,,
002409.SZ,,1.0,1.0,,,,,,,,,
002410.SZ,,,,,,,,,,,,
002411.SZ,,,,1.0,1.0,,,,,,,
002412.SZ,,,,,,,,,,,,
002413.SZ,,,,1.0,1.0,,,,,,,
002414.SZ,,,,1.0,,,,,,,,
002415.SZ,,,,,,,,,,,,
002416.SZ,,,,1.0,,,,,,,,
002417.SZ,,,,,,,,,,,,
002418.SZ,,,,,1.0,,,,,,,
002419.SZ,,,,,,,,,,,,
002420.SZ,,,,,,,,,,,,
002421.SZ,,,,,1.0,1.0,,,,,,
002422.SZ,,,,,,,,,,,,
002423.SZ,1.0,,,,,1.0,,,,,,
002424.SZ,,,,,,,,,,,,
002425.SZ,,,,1.0,1.0,,1.0,,,,,
002426.SZ,,,,1.0,1.0,1.0,,,,,,
002427.SZ,,,,,1.0,,,,,,,
002428.SZ,,,,,,,,,,,,
002429.SZ,,,,1.0,,,,,,,,
002430.SZ,,,1.0,,,1.0,,,,,,
002431.SZ,,,1.0,,1.0,,,,,,,
002432.SZ,,,,1.0,,,,,,,,
002433.SZ,,,,,1.0,1.0,,1.0,,,,
002434.SZ,,,,1.0,,,,,,,,
002435.SZ,,,,1.0,,,,,,,,
002436.SZ,,,,,1.0,,,,,,,
002437.SZ,,,,,,,,,,,,
002438.SZ,,,1.0,1.0,,,,,,,,
002439.SZ,,,1.0,1.0,,,,1.0,,,,
002440.SZ,,,,,,,,,,,,
002441.SZ,,,,1.0,,,,,,,,
002442.SZ,,,,,,,,,,,,
002443.SZ,,,,,,,1.0,,,,,
002444.SZ,,,,1.0,,,,,,,,
002445.SZ,,,1.0,1.0,1.0,,,,,,,
002446.SZ,,,,,1.0,1.0,,,,,,
002447.SZ,,,,,,1.0,,,,,,
002448.SZ,,,,,,,,1.0,,,,
002449.SZ,,,,,1.0,,,,,,,
002450.SZ,,,,1.0,1.0,,,1.0,,,,
002451.SZ,,,,,,,,,,,,
002452.SZ,,,,,,,,,,,,
002453.SZ,,,,,,,1.0,,,,,
002454.SZ,,,,,,,,,,,,
002455.SZ,,,1.0,,,,,,,,,
002456.SZ,,,,1.0,,1.0,1.0,,,,,
002457.SZ,,,,,,,,,,,,
002458.SZ,,,,1.0,,,,,,,,
002459.SZ,1.0,,,,,1.0,,,,,,
002460.SZ,,,,,1.0,,1.0,,,,,
002461.SZ,,,1.0,,,,,,,,,
002462.SZ,1.0,,,1.0,,,,,,,,
002463.SZ,,,,,,,,,,,,
002464.SZ,,,,,,,1.0,,,,,
002465.SZ,,,1.0,,1.0,,,,,,,
002466.SZ,,,,,,1.0,,,,,,
002467.SZ,,,,,1.0,,,,,,,
002468.SZ,,,,1.0,,,,,,,,
002469.SZ,,,,,,,,,,,,
002470.SZ,,1.0,,,,1.0,,,,,,
002471.SZ,,,,,,,,1.0,,,,
002472.SZ,,,,1.0,,,,,,,,
002473.SZ,,,,,,,,,,,,
002474.SZ,,,,,,,,,,,,
002475.SZ,,,,1.0,,1.0,,,,,,
002476.SZ,,,,,,,,,,,,
002478.SZ,,,1.0,,,,,,,,,
002479.SZ,,1.0,,,1.0,,,,,,,
002480.SZ,,,,,,1.0,,,,,,
002481.SZ,,,,,1.0,,,,,,,
002482.SZ,,,,,1.0,,,,,,,
002483.SZ,,,,,1.0,,,,,,,
002484.SZ,,,,1.0,,,,,,,,
002485.SZ,,,,,,,,,,,,
002486.SZ,,,,,,,,,,,,
002487.SZ,,,,,,,,,,,,
002488.SZ,,,1.0,,,1.0,,,,,,
002489.SZ,,,,,,,,,,,,
002490.SZ,,,,,,,,,,,,
002491.SZ,,,1.0,,,1.0,,,,,,
002492.SZ,,,,,1.0,,,,,,,
002493.SZ,,1.0,,1.0,,,,,,,,
002494.SZ,,,,1.0,,1.0,,,,,,
002495.SZ,,,,,,,,,,,,
002496.SZ,,,,,,,,,,,,
002497.SZ,,,,,,,,,,,,
002498.SZ,,,,,,,,1.0,,,,
002499.SZ,,,,,,,,,,,,
002500.SZ,,,,1.0,,,1.0,,,,,
002501.SZ,,,1.0,1.0,,,1.0,,,,,
002502.SZ,,,,,1.0,,,,,,,
002503.SZ,,,,1.0,,,,,,,,
002504.SZ,,,,,,1.0,,,,,,
002505.SZ,,,,,,1.0,,,,,,
002506.SZ,,,,,1.0,,,,,,,
002507.SZ,,,,,1.0,,,,,,,
002508.SZ,,,,,,,,,,,,
002509.SZ,,,,,1.0,1.0,,,,,,
002510.SZ,,,,,,,,,,,,
002511.SZ,,,,,,,,,,,,
002512.SZ,,,,1.0,1.0,,1.0,,,,,
002513.SZ,,,,1.0,,,,,,,,
002514.SZ,,,,,,1.0,,,,,,
002515.SZ,,,,,1.0,,,,,,,
002516.SZ,,,,1.0,,,,,,,,
002517.SZ,,,,1.0,1.0,,,,,,,
002518.SZ,,,,,,,,,,,,
002519.SZ,,,,1.0,,1.0,,,,,,
002520.SZ,1.0,,,,1.0,,,,,,,
002521.SZ,,,,,,,,,,,,
002522.SZ,,,1.0,,,,,,,,,
002523.SZ,,,,,1.0,,,,,,,
002524.SZ,,,,,,,1.0,,,,,
002526.SZ,,1.0,1.0,,,,,,,,,
002527.SZ,,,,1.0,,1.0,,,,,,
002528.SZ,,1.0,,1.0,1.0,,,,,,,
002529.SZ,,,,1.0,,,,,,,,
002530.SZ,,,,1.0,,,,,,,,
002531.SZ,,,,1.0,,,,,,,,
002532.SZ,,,,,,,,,,,,
002533.SZ,,,,,,,,,,,,
002534.SZ,,,,,,,,,,,,
002535.SZ,,,,,1.0,,,,,,,
002536.SZ,,,,,1.0,,,,,,,
002537.SZ,,,,1.0,,,,,,,,
002538.SZ,,,,,1.0,,,,,,,
002539.SZ,,,,,1.0,,,,,,,
002540.SZ,,,1.0,,,,,,,,,
002541.SZ,,,,1.0,,,,,,,,
002542.SZ,,,,1.0,1.0,1.0,,,,,,
002543.SZ,,,,,,,,,,,,
002544.SZ,,,1.0,,,,,,,,,
002545.SZ,,,,1.0,,,,,,,,
002546.SZ,,,,1.0,,,,,,,,
002547.SZ,,,1.0,,,1.0,,,,,,
002548.SZ,,,,,1.0,,,,,,,
002549.SZ,,,,,,,,,,,,
002550.SZ,,,,,,,,,,,,
002551.SZ,,,1.0,1.0,,,,,,,,
002552.SZ,,,1.0,,,,,,,,,
002553.SZ,,,,,,,,,,,,
002554.SZ,,,,,1.0,,,,,,,
002555.SZ,,,1.0,1.0,,1.0,,,,,,
002556.SZ,,,,,,,,,,,,
002557.SZ,,,,,,,,,,,,
002558.SZ,,,,1.0,,,,,,,,
002559.SZ,,,,,1.0,,,,,,,
002560.SZ,1.0,,,,,1.0,,,,,,
002561.SZ,,,,,,,,,,,,
002562.SZ,,,,,1.0,,,,,,,
002563.SZ,,,,,,,,,,,,
002564.SZ,,1.0,,,,,1.0,,,,,
002565.SZ,,1.0,,,,,,,,,,
002566.SZ,,,,,,,,,,,,
002567.SZ,,,1.0,,1.0,,,,,,,
002568.SZ,,,,1.0,1.0,,,,,,,
002569.SZ,,,,,,,,,,,,
002570.SZ,,,,,,,,,,,,
002571.SZ,,,,,,,1.0,,,,,
002572.SZ,,,,1.0,,,,,,,,
002573.SZ,,,,,,,,,,,,
002574.SZ,,,,,,,,,,,,
002575.SZ,,,,,,,,,,,,
002576.SZ,,,,,,,,,,,,
002577.SZ,,,,,,,,,,,,
002578.SZ,,,,1.0,,,,,,,,
002579.SZ,,,,1.0,,,,,,,,
002580.SZ,,,,,1.0,,,,,,,
002581.SZ,,,,,1.0,,,,,,,
002582.SZ,,,,1.0,,,,,,,,
002583.SZ,,,1.0,1.0,,,,,,,,
002584.SZ,,,,,1.0,,,,,,,
002585.SZ,,,1.0,,,1.0,,,,,,
002586.SZ,,1.0,1.0,,,1.0,,,,,,
002587.SZ,,,1.0,1.0,,,,,,,,
002588.SZ,,,,,,,,,,,,
002589.SZ,,,,1.0,1.0,,1.0,,,,,
002590.SZ,,,,1.0,,,,,,,,
002591.SZ,,,1.0,,,,,,,,,
002592.SZ,,,,1.0,,1.0,,,,,,
002593.SZ,,,,,1.0,,,,,,,
002594.SZ,,,,1.0,,,,,,,,
002595.SZ,,,,,,,,,,,,
002596.SZ,1.0,1.0,,,1.0,,,,,,,
002597.SZ,,,,,,,,,,,,
002598.SZ,,,,,,,,,,,,
002599.SZ,,,1.0,,,,,,,,,
002600.SZ,,1.0,,1.0,1.0,,,,,,,
002601.SZ,,,,1.0,,,,,,,,
002602.SZ,1.0,1.0,,,,1.0,,,,,,
002603.SZ,,,1.0,,,,,,,,,
002604.SZ,,,,1.0,,,,,,,,
002605.SZ,,,,1.0,,,,,,,,
002606.SZ,,,,,,,,,,,,
002607.SZ,1.0,,,1.0,,,,,,,,
002608.SZ,,1.0,1.0,,,,,,,,,
002609.SZ,,,,1.0,,,,,,,,
002610.SZ,,,,1.0,,1.0,,,,,,
002611.SZ,,,1.0,1.0,,,,,,,,
002612.SZ,1.0,,,,,,,,,,,
002613.SZ,,,,,,,,,,,,
002614.SZ,,,,,,,,,,,,
002615.SZ,,,,,,,,,,,,
002616.SZ,,,,1.0,1.0,,,,,,,
002617.SZ,1.0,,,1.0,,,,,,,,
002618.SZ,,,,,,,1.0,,,,,
002619.SZ,,,1.0,,1.0,,,,,,,
002620.SZ,,,,1.0,,,,,,,,
002621.SZ,,,,,,,,,,,,
002622.SZ,,,,,,,,,,,,
002623.SZ,,,,,,,,,,,,
002624.SZ,,,,1.0,,1.0,,,,,,
002625.SZ,,,1.0,,,,,,,,,
002626.SZ,,,,1.0,,,,,,,,
002627.SZ,1.0,,1.0,,,,,,,,,
002628.SZ,,,,,,,1.0,,,,,
002629.SZ,,,,,,,,,,,,
002630.SZ,,,,,,1.0,,,,,,
002631.SZ,,,,,,,,,,,,
002632.SZ,,1.0,1.0,,1.0,,,,,,,
002633.SZ,,,,,,,,,,,,
002634.SZ,,,,,,,,,,,,
002635.SZ,,,1.0,,1.0,,,,,,,
002636.SZ,,,,,,,,,,,,
002637.SZ,,,,1.0,,,,,,,,
002638.SZ,,,,1.0,,,,,,,,
002639.SZ,,,,1.0,1.0,,,,,,,
002640.SZ,,1.0,,1.0,,1.0,,,,,,
002641.SZ,,,,,,,,,,,,
002642.SZ,,,1.0,,1.0,1.0,1.0,,,,,
002643.SZ,,,,1.0,1.0,,,,,,,
002644.SZ,,,,,1.0,,,,,,,
002645.SZ,,,,,1.0,,,,,,,
002646.SZ,,,,,,,,,,,,
002647.SZ,,,,,,,,,,,,
002648.SZ,,,1.0,,,,,,,,,
002649.SZ,,,,,,1.0,,,,,,
002650.SZ,,,,,,,,,,,,
002651.SZ,,,,,,,,,,,,
002652.SZ,,,,,,,,,,,,
002653.SZ,,,,,,,,,,,,
002654.SZ,,1.0,1.0,1.0,1.0,,,,,,,
002655.SZ,,,,,,,,,,,,
002656.SZ,,,1.0,1.0,,,,,,,,
002657.SZ,,,,1.0,,1.0,,,,,,
002658.SZ,,,,,,,,,,,,
002659.SZ,,,,1.0,,,,,,,,
002660.SZ,,,,,1.0,,,,,,,
002661.SZ,,,,1.0,,,,,,,,
002662.SZ,,,,,,1.0,,,,,,
002663.SZ,,,1.0,,1.0,1.0,,,,,,
002664.SZ,,,,,,,,,,,,
002665.SZ,,,1.0,,1.0,,,,,,,
002666.SZ,,,,,1.0,,,,,,,
002667.SZ,,,,,,,,,,,,
002668.SZ,,,1.0,,,,,,,,,
002669.SZ,1.0,1.0,,1.0,,,,,,,,
002670.SZ,,,,1.0,,,,,,,,
002671.SZ,,,,1.0,,1.0,,,,,,
002672.SZ,,,,,,,,,,,,
002673.SZ,,,,,1.0,,,,,,,
002674.SZ,,,,1.0,,,,,,,,
002675.SZ,,1.0,,1.0,1.0,,,,,,,
002676.SZ,,,,,,,,,,,,
002677.SZ,,,,,,,,,,,,
002678.SZ,,,1.0,,,,,,,,,
002679.SZ,,,,,,,,,,,,
002681.SZ,,,1.0,,1.0,,,,,,,
002682.SZ,,,1.0,,,,,,,,,
002683.SZ,,,,1.0,,1.0,,,,,,
002684.SZ,,,1.0,1.0,1.0,,,,,,,
002685.SZ,,,1.0,1.0,,,,,,,,
002686.SZ,,,1.0,,,,,,,,,
002687.SZ,,,,,,,,,,,,
002688.SZ,,,,1.0,,,,,,,,
002689.SZ,,,,,,,,,,,,
002690.SZ,,,,,,,,,,,,
002691.SZ,,,,,,,,,,,,
002692.SZ,,,,,,,,,,,,
002693.SZ,,,,,,,,,,,,
002694.SZ,,,,,,,,,,,,
002695.SZ,,,,,,,,,,,,
002696.SZ,,,1.0,,,,,,,,,
002697.SZ,,,,,,,,,,,,
002698.SZ,,,,,,,,,,,,
002699.SZ,,,,1.0,1.0,,,,,,,
002700.SZ,,,,,,,,,,,,
002701.SZ,,,,,,,,,,,,
002702.SZ,,,,,,,,,,,,
002703.SZ,,,,,,1.0,,,,,,
002705.SZ,,,1.0,,,,,,,,,
002706.SZ,,,,1.0,,,,,,,,
002707.SZ,1.0,,,,1.0,,,,,,,
002708.SZ,,,,1.0,,,,,,,,
002709.SZ,,,1.0,,1.0,,,,,,,
002711.SZ,,,,,,,,,,,,
002712.SZ,,1.0,1.0,1.0,,,,,,,,
002713.SZ,,1.0,,,,,,,,,,
002714.SZ,1.0,,1.0,,1.0,,,,,,,
002715.SZ,,,,,,,,,,,,
002716.SZ,,,1.0,,,,,,,,,
002717.SZ,,1.0,,1.0,,,,,,,,
002718.SZ,,,,1.0,,,,,,,,
002719.SZ,,,,,1.0,,,,,,,
002721.SZ,,,1.0,,1.0,,,,,,,
002722.SZ,,,,1.0,1.0,,,,,,,
002723.SZ,,,,,,,,,,,,
002724.SZ,,,,,,,,,,,,
002725.SZ,,,,,,,,,,,,
002726.SZ,,,,,,,,,,,,
002727.SZ,,,1.0,,,,,,,,,
002728.SZ,,,,,,,,,,,,
002729.SZ,,,,,,,,,,,,
002730.SZ,,,,,,,,,,,,
002731.SZ,,,,,,,,,,,,
002732.SZ,,,,,,,,,,,,
002733.SZ,,,,1.0,,,,,,,,
002734.SZ,,,,1.0,,,,,,,,
002735.SZ,,,,,,,,,,,,
002736.SZ,,,,,,,,,,,,
002737.SZ,,,,,,,,,,,,
002738.SZ,1.0,1.0,,,,,,,,,,
002739.SZ,1.0,,,,1.0,,,,,,,
002740.SZ,1.0,,,1.0,,,,,,,,
002741.SZ,,,1.0,,,,,,,,,
002742.SZ,,,,,,,,,,,,
002743.SZ,,,,1.0,,,,,,,,
002745.SZ,,1.0,,1.0,,,,,,,,
002746.SZ,,,,1.0,,,,,,,,
002747.SZ,,,,1.0,,,,,,,,
002748.SZ,,,,,,,,,,,,
002749.SZ,,,,,,,,,,,,
002750.SZ,,,,,,,,,,,,
002751.SZ,,1.0,,,,,,,,,,
002752.SZ,,,1.0,,,,,,,,,
002753.SZ,1.0,,,,,,,,,,,
002755.SZ,1.0,,,,,,,,,,,
002756.SZ,,,,,,,,,,,,
002757.SZ,,1.0,,,,,,,,,,
002758.SZ,,,,,,,,,,,,
002759.SZ,,,,1.0,,,,,,,,
002760.SZ,,,,,,,,,,,,
002761.SZ,,,,,,,,,,,,
002762.SZ,,,,,,,,,,,,
002763.SZ,,,,,,,,,,,,
002765.SZ,1.0,,,,,,,,,,,
002766.SZ,,,1.0,,,,,,,,,
002767.SZ,,,,,,,,,,,,
002768.SZ,,1.0,,,,,,,,,,
002769.SZ,,,,,,,,,,,,
002770.SZ,,,,1.0,,,,,,,,
002771.SZ,,,,,,,,,,,,
002772.SZ,,,,1.0,,,,,,,,
002773.SZ,,,,,,,,,,,,
002774.SZ,,,,,,,,,,,,
002775.SZ,,,,,,,,,,,,
002776.SZ,,,,1.0,,,,,,,,
002777.SZ,,1.0,,,,,,,,,,
002778.SZ,,,,,,,,,,,,
002779.SZ,,,,,,,,,,,,
002780.SZ,,,1.0,,,,,,,,,
002781.SZ,,,,,,,,,,,,
002782.SZ,,,,,,,,,,,,
002783.SZ,,,,,,,,,,,,
002785.SZ,,,,,,,,,,,,
002786.SZ,,,,,,,,,,,,
002787.SZ,1.0,1.0,,,,,,,,,,
002788.SZ,,,,,,,,,,,,
002789.SZ,,,,,,,,,,,,
002790.SZ,,,,,,,,,,,,
002791.SZ,,,,,,,,,,,,
002792.SZ,,,,,,,,,,,,
002793.SZ,,,,,,,,,,,,
002795.SZ,,,,,,,,,,,,
002796.SZ,,1.0,,,,,,,,,,
002797.SZ,,,,,,,,,,,,
002798.SZ,,1.0,,,,,,,,,,
002799.SZ,,,,,,,,,,,,
002800.SZ,,,,,,,,,,,,
002801.SZ,,,,,,,,,,,,
002802.SZ,,,,,,,,,,,,
002803.SZ,1.0,,,,,,,,,,,
002805.SZ,,,,,,,,,,,,
002806.SZ,,1.0,,,,,,,,,,
002807.SZ,,,,,,,,,,,,
002808.SZ,,,,,,,,,,,,
002809.SZ,,,,,,,,,,,,
002810.SZ,,,,,,,,,,,,
002811.SZ,,,,,,,,,,,,
002812.SZ,,1.0,,,,,,,,,,
002813.SZ,,,,,,,,,,,,
002815.SZ,,,,,,,,,,,,
002816.SZ,,,,,,,,,,,,
002817.SZ,,,,,,,,,,,,
002818.SZ,,,,,,,,,,,,
002819.SZ,1.0,,,,,,,,,,,
002820.SZ,,,,,,,,,,,,
002821.SZ,,,,,,,,,,,,
002822.SZ,,,,,,,,,,,,
002823.SZ,,,,,,,,,,,,
002824.SZ,,,,,,,,,,,,
002825.SZ,1.0,,,,,,,,,,,
002826.SZ,,,,,,,,,,,,
002827.SZ,,,,,,,,,,,,
002828.SZ,,,,,,,,,,,,
002829.SZ,,,,,,,,,,,,
002830.SZ,,,,,,,,,,,,
002831.SZ,,,,,,,,,,,,
002832.SZ,,,,,,,,,,,,
002833.SZ,,,,,,,,,,,,
002835.SZ,,,,,,,,,,,,
002836.SZ,,,,,,,,,,,,
002837.SZ,,1.0,,,,,,,,,,
002838.SZ,,,,,,,,,,,,
002839.SZ,,,,,,,,,,,,
002840.SZ,,,,,,,,,,,,
002841.SZ,,,,,,,,,,,,
002842.SZ,,,,,,,,,,,,
002843.SZ,,,,,,,,,,,,
002845.SZ,,,,,,,,,,,,
002846.SZ,,,,,,,,,,,,
002847.SZ,,,,,,,,,,,,
002848.SZ,,,,,,,,,,,,
002849.SZ,,,,,,,,,,,,
002850.SZ,,,,,,,,,,,,
002851.SZ,,1.0,,,,,,,,,,
002852.SZ,,,,,,,,,,,,
002853.SZ,,,,,,,,,,,,
002855.SZ,,,,,,,,,,,,
002856.SZ,,,,,,,,,,,,
002857.SZ,,,,,,,,,,,,
002858.SZ,,,,,,,,,,,,
002859.SZ,,,,,,,,,,,,
002860.SZ,,,,,,,,,,,,
002861.SZ,,,,,,,,,,,,
002862.SZ,,,,,,,,,,,,
002863.SZ,,,,,,,,,,,,
002864.SZ,,,,,,,,,,,,
002865.SZ,,,,,,,,,,,,
002866.SZ,,,,,,,,,,,,
002867.SZ,,,,,,,,,,,,
002868.SZ,,,,,,,,,,,,
002869.SZ,,,,,,,,,,,,
002870.SZ,,,,,,,,,,,,
002871.SZ,,,,,,,,,,,,
002872.SZ,,,,,,,,,,,,
002873.SZ,,,,,,,,,,,,
002875.SZ,,,,,,,,,,,,
002876.SZ,,,,,,,,,,,,
002877.SZ,,,,,,,,,,,,
002878.SZ,,,,,,,,,,,,
002879.SZ,,,,,,,,,,,,
002880.SZ,,,,,,,,,,,,
002881.SZ,,,,,,,,,,,,
002882.SZ,,,,,,,,,,,,
002883.SZ,,,,,,,,,,,,
002884.SZ,,,,,,,,,,,,
002885.SZ,,,,,,,,,,,,
002886.SZ,,,,,,,,,,,,
002887.SZ,,,,,,,,,,,,
002888.SZ,,,,,,,,,,,,
002889.SZ,,,,,,,,,,,,
002890.SZ,,,,,,,,,,,,
002891.SZ,,,,,,,,,,,,
002892.SZ,,,,,,,,,,,,
002893.SZ,,,,,,,,,,,,
002895.SZ,,,,,,,,,,,,
002896.SZ,,,,,,,,,,,,
002897.SZ,,,,,,,,,,,,
002898.SZ,,,,,,,,,,,,
002899.SZ,,,,,,,,,,,,
002900.SZ,,,,,,,,,,,,
002901.SZ,,,,,,,,,,,,
002902.SZ,,,,,,,,,,,,
002903.SZ,,,,,,,,,,,,
002905.SZ,,,,,,,,,,,,
002906.SZ,,,,,,,,,,,,
002907.SZ,,,,,,,,,,,,
002908.SZ,,,,,,,,,,,,
002909.SZ,,,,,,,,,,,,
002910.SZ,,,,,,,,,,,,
002911.SZ,,,,,,,,,,,,
002912.SZ,,,,,,,,,,,,
002913.SZ,,,,,,,,,,,,
002915.SZ,1.0,,,,,,,,,,,
002916.SZ,,,,,,,,,,,,
002917.SZ,,,,,,,,,,,,
002918.SZ,,,,,,,,,,,,
002919.SZ,,,,,,,,,,,,
002920.SZ,,,,,,,,,,,,
002921.SZ,,,,,,,,,,,,
002922.SZ,,,,,,,,,,,,
002923.SZ,,,,,,,,,,,,
002925.SZ,,,,,,,,,,,,
002926.SZ,,,,,,,,,,,,
002927.SZ,,,,,,,,,,,,
002928.SZ,,,,,,,,,,,,
002929.SZ,,,,,,,,,,,,
002930.SZ,,,,,,,,,,,,
002931.SZ,,,,,,,,,,,,
002932.SZ,,,,,,,,,,,,
002933.SZ,,,,,,,,,,,,
002935.SZ,,,,,,,,,,,,
002936.SZ,,,,,,,,,,,,
002937.SZ,,,,,,,,,,,,
002938.SZ,,,,,,,,,,,,
002939.SZ,,,,,,,,,,,,
002940.SZ,,,,,,,,,,,,
002941.SZ,,,,,,,,,,,,
002942.SZ,,,,,,,,,,,,
002943.SZ,,,,,,,,,,,,
002945.SZ,,,,,,,,,,,,
002946.SZ,,,,,,,,,,,,
002947.SZ,,,,,,,,,,,,
002948.SZ,,,,,,,,,,,,
002949.SZ,,,,,,,,,,,,
002950.SZ,,,,,,,,,,,,
002951.SZ,,,,,,,,,,,,
002952.SZ,,,,,,,,,,,,
002953.SZ,,,,,,,,,,,,
002955.SZ,,,,,,,,,,,,
002956.SZ,,,,,,,,,,,,
002957.SZ,,,,,,,,,,,,
002958.SZ,,,,,,,,,,,,
002959.SZ,,,,,,,,,,,,
002960.SZ,,,,,,,,,,,,
002961.SZ,,,,,,,,,,,,
002962.SZ,,,,,,,,,,,,
002963.SZ,,,,,,,,,,,,
002965.SZ,,,,,,,,,,,,
002966.SZ,,,,,,,,,,,,
002967.SZ,,,,,,,,,,,,
002968.SZ,,,,,,,,,,,,
002969.SZ,,,,,,,,,,,,
002970.SZ,,,,,,,,,,,,
002971.SZ,,,,,,,,,,,,
002972.SZ,,,,,,,,,,,,
002973.SZ,,,,,,,,,,,,
002975.SZ,,,,,,,,,,,,
002976.SZ,,,,,,,,,,,,
002977.SZ,,,,,,,,,,,,
002978.SZ,,,,,,,,,,,,
002979.SZ,,,,,,,,,,,,
002980.SZ,,,,,,,,,,,,
002981.SZ,,,,,,,,,,,,
002982.SZ,,,,,,,,,,,,
002983.SZ,,,,,,,,,,,,
002985.SZ,,,,,,,,,,,,
002986.SZ,,,,,,,,,,,,
002987.SZ,,,,,,,,,,,,
002988.SZ,,,,,,,,,,,,
002990.SZ,,,,,,,,,,,,
003816.SZ,,,,,,,,,,,,
300001.SZ,,,,,1.0,,,,,,,
300002.SZ,,,,,,1.0,,,,,,
300003.SZ,,,1.0,1.0,,,,,,,,
300004.SZ,,,,,,1.0,,,,,,
300005.SZ,,,,1.0,,,,,,,,
300006.SZ,,,,1.0,,,1.0,,,,,
300007.SZ,,,,,1.0,,,,,,,
300008.SZ,,,,1.0,,1.0,,,,,,
300009.SZ,1.0,,,1.0,,,,,,,,
300010.SZ,,,,1.0,1.0,1.0,,1.0,,,,
300011.SZ,,,1.0,,,1.0,,,,,,
300012.SZ,,,,1.0,,1.0,,,,,,
300013.SZ,,,,,1.0,,,,,,,
300014.SZ,1.0,,,,1.0,,,,,,,
300015.SZ,,1.0,,,,,,,,,,
300016.SZ,,,,,1.0,,,,,,,
300017.SZ,,,,1.0,,,,,,,,
300018.SZ,,,,,1.0,,,,,,,
300019.SZ,,,,1.0,,,,,,,,
300020.SZ,,,,,1.0,1.0,,,,,,
300021.SZ,,,,1.0,,,,,,,,
300022.SZ,,,,,1.0,,,,,,,
300023.SZ,,,,,1.0,,,,,,,
300024.SZ,,,,,1.0,,,,,,,
300025.SZ,,,,,,,1.0,,,,,
300026.SZ,,,,,1.0,,,1.0,,,,
300027.SZ,,,,,1.0,1.0,,,,,,
300028.SZ,,,,,,,,,,,,
300029.SZ,,,,,,,,,,,,
300030.SZ,,,,,1.0,,,,,,,
300031.SZ,,,,1.0,,,,,,,,
300032.SZ,,,,1.0,,1.0,,,,,,
300033.SZ,,,,,,,,,,,,
300034.SZ,1.0,1.0,,,,,,,,,,
300035.SZ,1.0,,1.0,,,,,,,,,
300036.SZ,,,,1.0,,,,,,,,
300037.SZ,,,,,1.0,,,,,,,
300038.SZ,,,1.0,,1.0,,1.0,,,,,
300039.SZ,,,,,,,,,,,,
300040.SZ,,,,,1.0,,,,,,,
300041.SZ,,,1.0,,1.0,,,,,,,
300042.SZ,,,,,,,,,,,,
300043.SZ,,,,,,1.0,,,,,,
300044.SZ,,,1.0,,,,,,,,,
300045.SZ,,1.0,1.0,,,,,,,,,
300046.SZ,,,,,,,,,,,,
300047.SZ,,,1.0,1.0,,,,,,,,
300048.SZ,,,,1.0,1.0,,,,,,,
300049.SZ,,,,,1.0,,,,,,,
300050.SZ,,,1.0,,1.0,,,,,,,
300051.SZ,,,,,1.0,,,,,,,
300052.SZ,,,,,,,,,,,,
300053.SZ,,1.0,,1.0,1.0,,,,,,,
300054.SZ,1.0,,1.0,1.0,,,1.0,,,,,
300055.SZ,,,,1.0,,1.0,,,,,,
300056.SZ,,,1.0,1.0,1.0,,,,,,,
300057.SZ,,,,,1.0,,,,,,,
300058.SZ,,,1.0,1.0,,,1.0,1.0,,,,
300059.SZ,,,,1.0,1.0,,,,,,,
300061.SZ,,,,1.0,,,,,,,,
300062.SZ,,,,,,,,,,,,
300063.SZ,,,,,1.0,,,,,,,
300064.SZ,,,,1.0,1.0,,,,,,,
300065.SZ,,1.0,,1.0,,,,,,,,
300066.SZ,,,,,1.0,,,,,,,
300067.SZ,,,1.0,,,,,,,,,
300068.SZ,,,1.0,1.0,,,,,,,,
300069.SZ,,,,,,,,,,,,
300070.SZ,,,,1.0,1.0,,,,,,,
300071.SZ,,,,,1.0,,1.0,,,,,
300072.SZ,,,,,1.0,1.0,,,,,,
300073.SZ,,1.0,,,1.0,,,,,,,
300074.SZ,,,,,,,,,,,,
300075.SZ,,,1.0,,,,,,,,,
300076.SZ,,,,,,,,,,,,
300077.SZ,,,,,,,,,,,,
300078.SZ,1.0,,,1.0,,,,,,,,
300079.SZ,,,,,,,,,,,,
300080.SZ,1.0,,,,,,1.0,,,,,
300081.SZ,,,1.0,1.0,,,,,,,,
300082.SZ,,,,,,,,,,,,
300083.SZ,,,,,1.0,,,,,,,
300084.SZ,,,,1.0,,1.0,,,,,,
300085.SZ,,,1.0,,,1.0,,,,,,
300086.SZ,,,,,,,,,,,,
300087.SZ,,,,,,,,,,,,
300088.SZ,,,,,1.0,1.0,,,,,,
300089.SZ,,1.0,,1.0,,,,,,,,
300090.SZ,,,,1.0,,,1.0,,,,,
300091.SZ,1.0,1.0,1.0,,,,,,,,,
300092.SZ,,,,,,,,,,,,
300093.SZ,,,,,,,,,,,,
300094.SZ,1.0,,,,,,,,,,,
300095.SZ,,,,1.0,,,,,,,,
300096.SZ,,,,,,,,,,,,
300097.SZ,,,1.0,,1.0,,,,,,,
300098.SZ,,1.0,1.0,,1.0,,,,,,,
300099.SZ,,,1.0,1.0,,1.0,,,,,,
300100.SZ,,1.0,,,,1.0,,,,,,
300101.SZ,,,,,,,,,,,,
300102.SZ,,,,,1.0,,,,,,,
300103.SZ,,,,,,,,,,,,
300104.SZ,,,,1.0,,1.0,,,,,,
300105.SZ,,,,,,,,,,,,
300106.SZ,,,,,,,,,,,,
300107.SZ,,,,,,,,,,,,
300108.SZ,,,,,,1.0,,,,,,
300109.SZ,1.0,,,,1.0,,,,,,,
300110.SZ,,,,,,,,,,,,
300111.SZ,,,,,,,,,,,,
300112.SZ,,1.0,,,1.0,,,,,,,
300113.SZ,,,,1.0,,,,,,,,
300114.SZ,,,,,,1.0,,,,,,
300115.SZ,,,,,1.0,,,,,,,
300116.SZ,,,,1.0,1.0,,,,,,,
300117.SZ,,,,,,,,,,,,
300118.SZ,,,1.0,,,1.0,,,,,,
300119.SZ,,,,1.0,,,,,,,,
300120.SZ,1.0,,1.0,,,,,,,,,
300121.SZ,,,,,,,,,,,,
300122.SZ,,,,,,,,,,,,
300123.SZ,,,1.0,1.0,,,,,,,,
300124.SZ,1.0,,,,,,,,,,,
300125.SZ,,,,,,,,,,,,
300126.SZ,,,,,,,,,,,,
300127.SZ,,,,,,,,,,,,
300128.SZ,,,,,1.0,,,,,,,
300129.SZ,,,,1.0,1.0,,,,,,,
300130.SZ,,,1.0,,,,,,,,,
300131.SZ,,,,,1.0,,,,,,,
300132.SZ,1.0,,,,,,,,,,,
300133.SZ,,,,,1.0,1.0,,,,,,
300134.SZ,,,,1.0,,,,,,,,
300135.SZ,,,,,,,,,,,,
300136.SZ,,,,,1.0,,,,,,,
300137.SZ,,,,,1.0,,,,,,,
300138.SZ,,,,1.0,,,,,,,,
300139.SZ,,,,,,,,,,,,
300140.SZ,1.0,,,1.0,,,,,,,,
300141.SZ,,,,,,,,,,,,
300142.SZ,,,,1.0,,,,,,,,
300143.SZ,,,,1.0,,,,,,,,
300144.SZ,,,,,1.0,,,,,,,
300145.SZ,,,,,1.0,,,,,,,
300146.SZ,1.0,,,,1.0,,,,,,,
300147.SZ,,,,,,,,,,,,
300148.SZ,,,,1.0,,1.0,,,,,,
300149.SZ,,1.0,,,,,,,,,,
300150.SZ,,,1.0,,,,,,,,,
300151.SZ,,,,,,,,,,,,
300152.SZ,,,,,,,,,,,,
300153.SZ,,,,,,,,,,,,
300154.SZ,,,,,,,,,,,,
300155.SZ,,,,,,,,,,,,
300156.SZ,,,,,1.0,,,,,,,
300157.SZ,,,,1.0,,,1.0,1.0,,,,
300158.SZ,,,,1.0,,,,,,,,
300159.SZ,,,,,1.0,,,,,,,
300160.SZ,,,,,,,,,,,,
300161.SZ,,,1.0,1.0,,,,,,,,
300162.SZ,,,,,1.0,,,,,,,
300163.SZ,,,,,,,,,,,,
300164.SZ,,,,1.0,1.0,,,,,,,
300165.SZ,,,,,,,,,,,,
300166.SZ,,,,1.0,1.0,1.0,,,,,,
300167.SZ,,,,,,,,,,,,
300168.SZ,,,,,1.0,,,,,,,
300169.SZ,,,,,,1.0,,,,,,
300170.SZ,,,,1.0,,,,,,,,
300171.SZ,,,,,,,,,,,,
300172.SZ,,,,,,,,,,,,
300173.SZ,,,,,,1.0,,,,,,
300174.SZ,,,,,,,,,,,,
300175.SZ,,,,,,,,,,,,
300176.SZ,,,,,,,,,,,,
300177.SZ,,,,,1.0,,,,,,,
300178.SZ,,,1.0,,,,,,,,,
300179.SZ,,,,,,,,,,,,
300180.SZ,,,1.0,1.0,,,,,,,,
300181.SZ,,,,,1.0,,,,,,,
300182.SZ,,,,1.0,1.0,1.0,,,,,,
300183.SZ,,,,,1.0,,,,,,,
300184.SZ,,,1.0,1.0,1.0,1.0,,,,,,
300185.SZ,,,,1.0,,,,,,,,
300187.SZ,,,,,1.0,,,,,,,
300188.SZ,,,,1.0,,,,,,,,
300189.SZ,,,,,,,,,,,,
300190.SZ,,,1.0,1.0,,1.0,,,,,,
300191.SZ,,,,,,,,,,,,
300192.SZ,,,,,,,,,,,,
300193.SZ,,,,,,,,,,,,
300194.SZ,,,,1.0,1.0,,,,,,,
300195.SZ,,,1.0,,,1.0,,,,,,
300196.SZ,,,,1.0,,,,,,,,
300197.SZ,,,,1.0,1.0,,,,,,,
300198.SZ,,,,1.0,,,,,,,,
300199.SZ,,,,1.0,1.0,,,,,,,
300200.SZ,,,1.0,,,,,,,,,
300201.SZ,,,,1.0,1.0,,,,,,,
300202.SZ,,,,,,,,,,,,
300203.SZ,,,,,,,,,,,,
300204.SZ,,,,,,,,,,,,
300205.SZ,,,,,,,,,,,,
300206.SZ,,,,,,,,,,,,
300207.SZ,,1.0,,,,,,,,,,
300208.SZ,,,,,,,,,,,,
300209.SZ,1.0,,,1.0,1.0,,,,,,,
300210.SZ,,,,,1.0,,,,,,,
300211.SZ,,,,,,,,,,,,
300212.SZ,,,,,1.0,,,,,,,
300213.SZ,,,1.0,1.0,1.0,,,,,,,
300214.SZ,,,1.0,,,,,,,,,
300215.SZ,,,,1.0,,,,,,,,
300216.SZ,,,,,,,,,,,,
300217.SZ,,,,,1.0,,,,,,,
300218.SZ,,,,,,,,,,,,
300219.SZ,,,1.0,1.0,,,,,,,,
300220.SZ,,,,,,,,,,,,
300221.SZ,,,1.0,,,,,,,,,
300222.SZ,,,,1.0,1.0,1.0,,,,,,
300223.SZ,,,,,,,,,,,,
300224.SZ,,,1.0,,1.0,,,,,,,
300225.SZ,,,,,,,,,,,,
300226.SZ,,,,,,,,,,,,
300227.SZ,1.0,,1.0,,,,,,,,,
300228.SZ,,,,,1.0,,,,,,,
300229.SZ,1.0,1.0,,,,1.0,,,,,,
300230.SZ,,,,1.0,1.0,,,,,,,
300231.SZ,,,,,,,,,,,,
300232.SZ,,,,1.0,1.0,,,,,,,
300233.SZ,,,1.0,,,,,,,,,
300234.SZ,,,,1.0,,,,,,,,
300235.SZ,,,1.0,,,,,,,,,
300236.SZ,,,,1.0,,,1.0,,,,,
300237.SZ,,,,,1.0,1.0,,,,,,
300238.SZ,,,,1.0,,,,,,,,
300239.SZ,1.0,,,,1.0,,,,,,,
300240.SZ,,,,,,,,,,,,
300241.SZ,,,,1.0,,,,,,,,
300242.SZ,,,,,1.0,,,,,,,
300243.SZ,,,,,,,,,,,,
300244.SZ,,1.0,,1.0,,,,,,,,
300245.SZ,,,1.0,,,,,,,,,
300246.SZ,,,,,,,,,,,,
300247.SZ,,,,1.0,1.0,1.0,,,,,,
300248.SZ,,,,1.0,1.0,,,,,,,
300249.SZ,,,,,,1.0,,,,,,
300250.SZ,,,,1.0,1.0,,,,,,,
300251.SZ,,,,,1.0,,,,,,,
300252.SZ,,,,1.0,,,,,,,,
300253.SZ,,,,1.0,,,,,,,,
300254.SZ,,,,,1.0,,,,,,,
300255.SZ,,,,1.0,,,,,,,,
300256.SZ,,,,,1.0,1.0,1.0,,,,,
300257.SZ,,,,,,,,,,,,
300258.SZ,,,,,,,,,,,,
300259.SZ,,,,1.0,,,,,,,,
300260.SZ,,,,,,,,,,,,
300261.SZ,,,1.0,1.0,,,,,,,,
300262.SZ,,,,1.0,,,,,,,,
300263.SZ,,,,,1.0,,1.0,,,,,
300264.SZ,,,,,,,,,,,,
300265.SZ,,,,,,,,,,,,
300266.SZ,,,1.0,1.0,1.0,1.0,,,,,,
300267.SZ,,,,,1.0,,,,,,,
300268.SZ,,,,,,,,,,,,
300269.SZ,,,,1.0,1.0,1.0,,,,,,
300270.SZ,,1.0,,,,,,,,,,
300271.SZ,1.0,,1.0,,1.0,,,,,,,
300272.SZ,,,,,,,,,,,,
300273.SZ,,,,,1.0,,,,,,,
300274.SZ,,,,1.0,,,,,,,,
300275.SZ,,,,,,,,,,,,
300276.SZ,,1.0,1.0,,,,,,,,,
300277.SZ,,,,,,,,,,,,
300278.SZ,,,,,,1.0,,,,,,
300279.SZ,,,,1.0,,1.0,,,,,,
300280.SZ,1.0,1.0,,,,,,,,,,
300281.SZ,,,1.0,,,,,,,,,
300282.SZ,,,1.0,,,1.0,,,,,,
300283.SZ,,,,,,,,,,,,
300284.SZ,,,1.0,,1.0,1.0,,,,,,
300285.SZ,,1.0,,1.0,,,,,,,,
300286.SZ,,,,,,,,,,,,
300287.SZ,,,,1.0,1.0,,,,,,,
300288.SZ,,,,,1.0,,,,,,,
300289.SZ,,,,,1.0,,,,,,,
300290.SZ,1.0,1.0,,,1.0,,,,,,,
300291.SZ,,,,1.0,,1.0,,,,,,
300292.SZ,,,,,1.0,1.0,1.0,,,,,
300293.SZ,,,,,,,,,,,,
300294.SZ,,1.0,,,1.0,,,,,,,
300295.SZ,,,,,,,,,,,,
300296.SZ,,1.0,,1.0,1.0,1.0,,,,,,
300297.SZ,,,,1.0,1.0,,,,,,,
300298.SZ,,1.0,,,,,,,,,,
300299.SZ,,,,,1.0,,,,,,,
300300.SZ,,,,1.0,,,,,,,,
300301.SZ,,,,1.0,1.0,,,,,,,
300302.SZ,1.0,,,,,,,,,,,
300303.SZ,,,,,1.0,,,,,,,
300304.SZ,,,,1.0,,,,,,,,
300305.SZ,,,,,,,,,,,,
300306.SZ,,,,1.0,,,,,,,,
300307.SZ,,,,,,,,,,,,
300308.SZ,1.0,,1.0,,,,,,,,,
300309.SZ,,,,1.0,,,,,,,,
300310.SZ,,,1.0,1.0,,,,,,,,
300311.SZ,,,,,1.0,,,,,,,
300312.SZ,,,,,,,,,,,,
300313.SZ,,1.0,,1.0,,,,,,,,
300314.SZ,,,,,,,,,,,,
300315.SZ,,,,1.0,1.0,1.0,1.0,,,,,
300316.SZ,,,,1.0,,,,,,,,
300317.SZ,,,,1.0,1.0,,,,,,,
300318.SZ,,,,,1.0,,,,,,,
300319.SZ,,,,1.0,1.0,,,,,,,
300320.SZ,,1.0,,,,,,,,,,
300321.SZ,,,,,,,,,,,,
300322.SZ,,,,,,,,,,,,
300323.SZ,,1.0,,1.0,,,,,,,,
300324.SZ,,,,1.0,1.0,1.0,,,,,,
300325.SZ,,,,1.0,,,,,,,,
300326.SZ,,,,1.0,1.0,1.0,,,,,,
300327.SZ,,,,,,,,,,,,
300328.SZ,,1.0,,,,,,,,,,
300329.SZ,,,,1.0,,,,,,,,
300330.SZ,,,,,,,,,,,,
300331.SZ,,,,1.0,,,,,,,,
300332.SZ,,,1.0,,1.0,,,,,,,
300333.SZ,,,,,,,,,,,,
300334.SZ,,1.0,,,1.0,,,,,,,
300335.SZ,,,,1.0,,,,,,,,
300336.SZ,,,,,1.0,,,,,,,
300337.SZ,,,,,,,,,,,,
300338.SZ,,,1.0,,,,,,,,,
300339.SZ,,1.0,,,1.0,1.0,,,,,,
300340.SZ,,,,1.0,,,,,,,,
300341.SZ,,,,,1.0,,,,,,,
300342.SZ,,,,1.0,,,,,,,,
300343.SZ,,1.0,,1.0,1.0,,,,,,,
300344.SZ,,,,,,,,,,,,
300345.SZ,,,,,1.0,,,,,,,
300346.SZ,,,,,,,,,,,,
300347.SZ,,,1.0,1.0,,,,,,,,
300348.SZ,,,1.0,,1.0,,,,,,,
300349.SZ,,,,1.0,,,,,,,,
300350.SZ,,,,,1.0,,,,,,,
300351.SZ,,,,1.0,,,,,,,,
300352.SZ,,,,1.0,1.0,,,,,,,
300353.SZ,,,,1.0,1.0,,,,,,,
300354.SZ,,,,,,,,,,,,
300355.SZ,,,,1.0,1.0,1.0,,,,,,
300356.SZ,,,,,1.0,,,,,,,
300357.SZ,,,,,,,,,,,,
300358.SZ,,,1.0,,1.0,,,,,,,
300359.SZ,,,,,1.0,,,,,,,
300360.SZ,,,1.0,,,,,,,,,
300362.SZ,,,,1.0,,,,,,,,
300363.SZ,,1.0,,,1.0,,,,,,,
300364.SZ,,1.0,,1.0,,,,,,,,
300365.SZ,,,1.0,,,,,,,,,
300366.SZ,,,,1.0,1.0,,,,,,,
300367.SZ,,,,1.0,1.0,,,,,,,
300368.SZ,,,,,1.0,,,,,,,
300369.SZ,,,1.0,,1.0,,,,,,,
300370.SZ,,,,1.0,1.0,,,,,,,
300371.SZ,,,,,,,,,,,,
300373.SZ,,,,1.0,,,,,,,,
300374.SZ,,,,,,,,,,,,
300375.SZ,1.0,,1.0,,1.0,,,,,,,
300376.SZ,,,,1.0,,,,,,,,
300377.SZ,,,,1.0,,,,,,,,
300378.SZ,,,,,,,,,,,,
300379.SZ,,,,1.0,1.0,,,,,,,
300380.SZ,,,,,,,,,,,,
300381.SZ,,,,1.0,1.0,,,,,,,
300382.SZ,,,,1.0,,,,,,,,
300383.SZ,,1.0,,1.0,,,,,,,,
300384.SZ,,,1.0,,,,,,,,,
300385.SZ,,,1.0,,,,,,,,,
300386.SZ,,,,,,,,,,,,
300387.SZ,,,,,,,,,,,,
300388.SZ,1.0,,,1.0,,,,,,,,
300389.SZ,,,,,,,,,,,,
300390.SZ,,,,,1.0,,,,,,,
300391.SZ,,1.0,1.0,,,,,,,,,
300392.SZ,,,,,,,,,,,,
300393.SZ,,,1.0,,,,,,,,,
300394.SZ,,1.0,,,,,,,,,,
300395.SZ,1.0,,,,,,,,,,,
300396.SZ,,,,,,,,,,,,
300397.SZ,,,,,,,,,,,,
300398.SZ,,,1.0,,,,,,,,,
300399.SZ,,,,,,,,,,,,
300400.SZ,,,,,,,,,,,,
300401.SZ,,1.0,,,,,,,,,,
300402.SZ,,,,,,,,,,,,
300403.SZ,,,,,,,,,,,,
300404.SZ,,,,,,,,,,,,
300405.SZ,,,,1.0,,,,,,,,
300406.SZ,,,,,,,,,,,,
300407.SZ,,,,,,,,,,,,
300408.SZ,,,,,,,,,,,,
300409.SZ,,1.0,,1.0,,,,,,,,
300410.SZ,,,1.0,1.0,,,,,,,,
300411.SZ,,,1.0,,,,,,,,,
300412.SZ,,,,1.0,,,,,,,,
300413.SZ,1.0,1.0,,,,,,,,,,
300414.SZ,,,1.0,,,,,,,,,
300415.SZ,,,,,,,,,,,,
300416.SZ,,1.0,,,,,,,,,,
300417.SZ,,,,,,,,,,,,
300418.SZ,,,1.0,,,,,,,,,
300419.SZ,,,,1.0,,,,,,,,
300420.SZ,,,1.0,1.0,1.0,,,,,,,
300421.SZ,,,,1.0,,,,,,,,
300422.SZ,,,,1.0,,,,,,,,
300423.SZ,,1.0,,,,,,,,,,
300424.SZ,,,,,,,,,,,,
300425.SZ,,,1.0,,1.0,,,,,,,
300426.SZ,,,,,,,,,,,,
300427.SZ,1.0,,1.0,,,,,,,,,
300428.SZ,1.0,,,,,,,,,,,
300429.SZ,,1.0,,1.0,,,,,,,,
300430.SZ,,,1.0,,,,,,,,,
300431.SZ,,,,,,,,,,,,
300432.SZ,,,,1.0,,,,,,,,
300433.SZ,,,,1.0,,,,,,,,
300434.SZ,,,1.0,,,,,,,,,
300435.SZ,1.0,,,,,,,,,,,
300436.SZ,,,,,,,,,,,,
300437.SZ,,,,1.0,,,,,,,,
300438.SZ,,,1.0,,,,,,,,,
300439.SZ,,,,,,,,,,,,
300440.SZ,,,,,,,,,,,,
300441.SZ,,,1.0,1.0,,,,,,,,
300442.SZ,,,,,,,,,,,,
300443.SZ,,,,1.0,,,,,,,,
300444.SZ,,,,,,,,,,,,
300445.SZ,,,,,,,,,,,,
300446.SZ,,,,,,,,,,,,
300447.SZ,,,1.0,,,,,,,,,
300448.SZ,,,1.0,,,,,,,,,
300449.SZ,,1.0,1.0,,,,,,,,,
300450.SZ,,,1.0,,,,,,,,,
300451.SZ,,,1.0,,,,,,,,,
300452.SZ,,,,,,,,,,,,
300453.SZ,,,,,,,,,,,,
300454.SZ,,,,,,,,,,,,
300455.SZ,1.0,,,,,,,,,,,
300456.SZ,1.0,,,1.0,,,,,,,,
300457.SZ,,1.0,1.0,,,,,,,,,
300458.SZ,,,,1.0,,,,,,,,
300459.SZ,,1.0,,1.0,,,,,,,,
300460.SZ,,,,,,,,,,,,
300461.SZ,,,,,,,,,,,,
300462.SZ,1.0,,,,,,,,,,,
300463.SZ,,,,,,,,,,,,
300464.SZ,1.0,,,,,,,,,,,
300465.SZ,,,,1.0,,,,,,,,
300466.SZ,,,1.0,1.0,,,,,,,,
300467.SZ,,,1.0,,,,,,,,,
300468.SZ,,,,,,,,,,,,
300469.SZ,,,,,,,,,,,,
300470.SZ,,,,,,,,,,,,
300471.SZ,,,,,,,,,,,,
300472.SZ,,1.0,,,,,,,,,,
300473.SZ,,,,,,,,,,,,
300474.SZ,,1.0,,,,,,,,,,
300475.SZ,,,,,,,,,,,,
300476.SZ,,,1.0,,,,,,,,,
300477.SZ,,,1.0,1.0,,,,,,,,
300478.SZ,,,,,,,,,,,,
300479.SZ,1.0,1.0,,,,,,,,,,
300480.SZ,,,1.0,,,,,,,,,
300481.SZ,,1.0,,,,,,,,,,
300482.SZ,,1.0,,,,,,,,,,
300483.SZ,1.0,,,,,,,,,,,
300484.SZ,,,,,,,,,,,,
300485.SZ,,,,,,,,,,,,
300486.SZ,1.0,1.0,,,,,,,,,,
300487.SZ,,,,,,,,,,,,
300488.SZ,,,1.0,,,,,,,,,
300489.SZ,,,,,,,,,,,,
300490.SZ,,1.0,1.0,,,,,,,,,
300491.SZ,1.0,,,,,,,,,,,
300492.SZ,,,,,,,,,,,,
300493.SZ,,1.0,,,,,,,,,,
300494.SZ,,,,,,,,,,,,
300495.SZ,1.0,,,1.0,,,,,,,,
300496.SZ,,,,,,,,,,,,
300497.SZ,,,,,,,,,,,,
300498.SZ,,,,,,,,,,,,
300499.SZ,,,,,,,,,,,,
300500.SZ,,1.0,,,,,,,,,,
300501.SZ,,,,,,,,,,,,
300502.SZ,,,,,,,,,,,,
300503.SZ,1.0,,,,,,,,,,,
300504.SZ,,,,,,,,,,,,
300505.SZ,1.0,,,,,,,,,,,
300506.SZ,,1.0,,,,,,,,,,
300507.SZ,,,,,,,,,,,,
300508.SZ,,,,,,,,,,,,
300509.SZ,,,,,,,,,,,,
300510.SZ,,1.0,1.0,,,,,,,,,
300511.SZ,,,,,,,,,,,,
300512.SZ,,,,,,,,,,,,
300513.SZ,1.0,1.0,,,,,,,,,,
300514.SZ,,,,,,,,,,,,
300515.SZ,,,,,,,,,,,,
300516.SZ,,,,,,,,,,,,
300517.SZ,,,,,,,,,,,,
300518.SZ,,,,,,,,,,,,
300519.SZ,,,,,,,,,,,,
300520.SZ,1.0,,,,,,,,,,,
300521.SZ,,,,,,,,,,,,
300522.SZ,,,,,,,,,,,,
300523.SZ,1.0,,,,,,,,,,,
300525.SZ,1.0,,,,,,,,,,,
300526.SZ,,,,,,,,,,,,
300527.SZ,,,,,,,,,,,,
300528.SZ,,,,,,,,,,,,
300529.SZ,,,,,,,,,,,,
300530.SZ,,,,,,,,,,,,
300531.SZ,1.0,,,,,,,,,,,
300532.SZ,,,,,,,,,,,,
300533.SZ,,,,,,,,,,,,
300534.SZ,,,,,,,,,,,,
300535.SZ,,,,,,,,,,,,
300536.SZ,,,,,,,,,,,,
300537.SZ,,,1.0,,,,,,,,,
300538.SZ,,,,,,,,,,,,
300539.SZ,,,,,,,,,,,,
300540.SZ,,,,,,,,,,,,
300541.SZ,,,,,,,,,,,,
300542.SZ,,,,,,,,,,,,
300543.SZ,,,,,,,,,,,,
300545.SZ,,,,,,,,,,,,
300546.SZ,,,,,,,,,,,,
300547.SZ,,,,,,,,,,,,
300548.SZ,,,,,,,,,,,,
300549.SZ,,,,,,,,,,,,
300550.SZ,,,,,,,,,,,,
300551.SZ,,,,,,,,,,,,
300552.SZ,,,,,,,,,,,,
300553.SZ,,,,,,,,,,,,
300554.SZ,,,,,,,,,,,,
300555.SZ,,,,,,,,,,,,
300556.SZ,,,,,,,,,,,,
300557.SZ,,,,,,,,,,,,
300558.SZ,,,,,,,,,,,,
300559.SZ,,,,,,,,,,,,
300560.SZ,,,,,,,,,,,,
300561.SZ,,,,,,,,,,,,
300562.SZ,,,,,,,,,,,,
300563.SZ,,,,,,,,,,,,
300564.SZ,,,,,,,,,,,,
300565.SZ,,,,,,,,,,,,
300566.SZ,,,,,,,,,,,,
300567.SZ,,,,,,,,,,,,
300568.SZ,1.0,,,,,,,,,,,
300569.SZ,,,,,,,,,,,,
300570.SZ,,,,,,,,,,,,
300571.SZ,1.0,,,,,,,,,,,
300572.SZ,,,,,,,,,,,,
300573.SZ,,,,,,,,,,,,
300575.SZ,,,,,,,,,,,,
300576.SZ,,,,,,,,,,,,
300577.SZ,,,,,,,,,,,,
300578.SZ,1.0,,,,,,,,,,,
300579.SZ,,,,,,,,,,,,
300580.SZ,,,,,,,,,,,,
300581.SZ,,,,,,,,,,,,
300582.SZ,,,,,,,,,,,,
300583.SZ,,,,,,,,,,,,
300584.SZ,,,,,,,,,,,,
300585.SZ,,,,,,,,,,,,
300586.SZ,,,,,,,,,,,,
300587.SZ,,,,,,,,,,,,
300588.SZ,,,,,,,,,,,,
300589.SZ,,,,,,,,,,,,
300590.SZ,,,,,,,,,,,,
300591.SZ,,,,,,,,,,,,
300592.SZ,,,,,,,,,,,,
300593.SZ,,,,,,,,,,,,
300594.SZ,,,,,,,,,,,,
300595.SZ,,,,,,,,,,,,
300596.SZ,1.0,,,,,,,,,,,
300597.SZ,,,,,,,,,,,,
300598.SZ,,,,,,,,,,,,
300599.SZ,,,,,,,,,,,,
300600.SZ,,,,,,,,,,,,
300601.SZ,,,,,,,,,,,,
300602.SZ,,,,,,,,,,,,
300603.SZ,1.0,,,,,,,,,,,
300604.SZ,1.0,,,,,,,,,,,
300605.SZ,,,,,,,,,,,,
300606.SZ,,,,,,,,,,,,
300607.SZ,1.0,,,,,,,,,,,
300608.SZ,,,,,,,,,,,,
300609.SZ,,,,,,,,,,,,
300610.SZ,,,,,,,,,,,,
300611.SZ,,,,,,,,,,,,
300612.SZ,,,,,,,,,,,,
300613.SZ,,,,,,,,,,,,
300615.SZ,,,,,,,,,,,,
300616.SZ,,,,,,,,,,,,
300617.SZ,,,,,,,,,,,,
300618.SZ,,,,,,,,,,,,
300619.SZ,,,,,,,,,,,,
300620.SZ,,,,,,,,,,,,
300621.SZ,,,,,,,,,,,,
300622.SZ,,,,,,,,,,,,
300623.SZ,,,,,,,,,,,,
300624.SZ,,,,,,,,,,,,
300625.SZ,,,,,,,,,,,,
300626.SZ,,,,,,,,,,,,
300627.SZ,,,,,,,,,,,,
300628.SZ,,,,,,,,,,,,
300629.SZ,1.0,,,,,,,,,,,
300630.SZ,,,,,,,,,,,,
300631.SZ,,,,,,,,,,,,
300632.SZ,,,,,,,,,,,,
300633.SZ,,,,,,,,,,,,
300634.SZ,,,,,,,,,,,,
300635.SZ,,,,,,,,,,,,
300636.SZ,,,,,,,,,,,,
300637.SZ,,,,,,,,,,,,
300638.SZ,1.0,,,,,,,,,,,
300639.SZ,,,,,,,,,,,,
300640.SZ,,,,,,,,,,,,
300641.SZ,,,,,,,,,,,,
300642.SZ,,,,,,,,,,,,
300643.SZ,,,,,,,,,,,,
300644.SZ,,,,,,,,,,,,
300645.SZ,,,,,,,,,,,,
300647.SZ,,1.0,,,,,,,,,,
300648.SZ,,,,,,,,,,,,
300649.SZ,,,,,,,,,,,,
300650.SZ,,,,,,,,,,,,
300651.SZ,,,,,,,,,,,,
300652.SZ,,,,,,,,,,,,
300653.SZ,,,,,,,,,,,,
300654.SZ,,,,,,,,,,,,
300655.SZ,,,,,,,,,,,,
300656.SZ,,,,,,,,,,,,
300657.SZ,1.0,,,,,,,,,,,
300658.SZ,,,,,,,,,,,,
300659.SZ,,,,,,,,,,,,
300660.SZ,,,,,,,,,,,,
300661.SZ,,,,,,,,,,,,
300662.SZ,,,,,,,,,,,,
300663.SZ,,,,,,,,,,,,
300664.SZ,,,,,,,,,,,,
300665.SZ,,,,,,,,,,,,
300666.SZ,,,,,,,,,,,,
300667.SZ,1.0,,,,,,,,,,,
300668.SZ,,,,,,,,,,,,
300669.SZ,,,,,,,,,,,,
300670.SZ,1.0,,,,,,,,,,,
300671.SZ,,,,,,,,,,,,
300672.SZ,,,,,,,,,,,,
300673.SZ,,,,,,,,,,,,
300674.SZ,,,,,,,,,,,,
300675.SZ,,,,,,,,,,,,
300676.SZ,,,,,,,,,,,,
300677.SZ,,,,,,,,,,,,
300678.SZ,,,,,,,,,,,,
300679.SZ,,,,,,,,,,,,
300680.SZ,,1.0,,,,,,,,,,
300681.SZ,,,,,,,,,,,,
300682.SZ,1.0,,,,,,,,,,,
300683.SZ,,,,,,,,,,,,
300684.SZ,,,,,,,,,,,,
300685.SZ,,,,,,,,,,,,
300686.SZ,,,,,,,,,,,,
300687.SZ,,,,,,,,,,,,
300688.SZ,,,,,,,,,,,,
300689.SZ,,,,,,,,,,,,
300690.SZ,,,,,,,,,,,,
300691.SZ,,,,,,,,,,,,
300692.SZ,,,,,,,,,,,,
300693.SZ,,,,,,,,,,,,
300694.SZ,,,,,,,,,,,,
300695.SZ,,,,,,,,,,,,
300696.SZ,,,,,,,,,,,,
300697.SZ,,,,,,,,,,,,
300698.SZ,,,,,,,,,,,,
300699.SZ,,,,,,,,,,,,
300700.SZ,,,,,,,,,,,,
300701.SZ,,,,,,,,,,,,
300702.SZ,,,,,,,,,,,,
300703.SZ,,,,,,,,,,,,
300705.SZ,,,,,,,,,,,,
300706.SZ,,,,,,,,,,,,
300707.SZ,,,,,,,,,,,,
300708.SZ,,,,,,,,,,,,
300709.SZ,,,,,,,,,,,,
300710.SZ,,,,,,,,,,,,
300711.SZ,,,,,,,,,,,,
300712.SZ,,,,,,,,,,,,
300713.SZ,,,,,,,,,,,,
300715.SZ,,,,,,,,,,,,
300716.SZ,,,,,,,,,,,,
300717.SZ,,,,,,,,,,,,
300718.SZ,,,,,,,,,,,,
300719.SZ,,,,,,,,,,,,
300720.SZ,,,,,,,,,,,,
300721.SZ,,,,,,,,,,,,
300722.SZ,,,,,,,,,,,,
300723.SZ,,,,,,,,,,,,
300724.SZ,,,,,,,,,,,,
300725.SZ,,,,,,,,,,,,
300726.SZ,,,,,,,,,,,,
300727.SZ,,,,,,,,,,,,
300729.SZ,,,,,,,,,,,,
300730.SZ,,,,,,,,,,,,
300731.SZ,,,,,,,,,,,,
300732.SZ,1.0,,,,,,,,,,,
300733.SZ,,,,,,,,,,,,
300735.SZ,,,,,,,,,,,,
300736.SZ,,,,,,,,,,,,
300737.SZ,,,,,,,,,,,,
300738.SZ,,,,,,,,,,,,
300739.SZ,,,,,,,,,,,,
300740.SZ,,,,,,,,,,,,
300741.SZ,,,,,,,,,,,,
300742.SZ,,,,,,,,,,,,
300743.SZ,,,,,,,,,,,,
300745.SZ,,,,,,,,,,,,
300746.SZ,1.0,,,,,,,,,,,
300747.SZ,,,,,,,,,,,,
300748.SZ,,,,,,,,,,,,
300749.SZ,,,,,,,,,,,,
300750.SZ,,,,,,,,,,,,
300751.SZ,,,,,,,,,,,,
300752.SZ,,,,,,,,,,,,
300753.SZ,,,,,,,,,,,,
300755.SZ,,,,,,,,,,,,
300756.SZ,,,,,,,,,,,,
300757.SZ,,,,,,,,,,,,
300758.SZ,,,,,,,,,,,,
300759.SZ,,,,,,,,,,,,
300760.SZ,,,,,,,,,,,,
300761.SZ,,,,,,,,,,,,
300762.SZ,,,,,,,,,,,,
300763.SZ,,,,,,,,,,,,
300765.SZ,,,,,,,,,,,,
300766.SZ,,,,,,,,,,,,
300767.SZ,,,,,,,,,,,,
300768.SZ,,,,,,,,,,,,
300769.SZ,,,,,,,,,,,,
300770.SZ,,,,,,,,,,,,
300771.SZ,,,,,,,,,,,,
300772.SZ,,,,,,,,,,,,
300773.SZ,,,,,,,,,,,,
300775.SZ,,,,,,,,,,,,
300776.SZ,,,,,,,,,,,,
300777.SZ,,,,,,,,,,,,
300778.SZ,,,,,,,,,,,,
300779.SZ,,,,,,,,,,,,
300780.SZ,,,,,,,,,,,,
300781.SZ,,,,,,,,,,,,
300782.SZ,,,,,,,,,,,,
300783.SZ,,,,,,,,,,,,
300785.SZ,,,,,,,,,,,,
300786.SZ,,,,,,,,,,,,
300787.SZ,,,,,,,,,,,,
300788.SZ,,,,,,,,,,,,
300789.SZ,,,,,,,,,,,,
300790.SZ,,,,,,,,,,,,
300791.SZ,,,,,,,,,,,,
300792.SZ,,,,,,,,,,,,
300793.SZ,,,,,,,,,,,,
300795.SZ,,,,,,,,,,,,
300796.SZ,,,,,,,,,,,,
300797.SZ,,,,,,,,,,,,
300798.SZ,,,,,,,,,,,,
300799.SZ,,,,,,,,,,,,
300800.SZ,,,,,,,,,,,,
300801.SZ,,,,,,,,,,,,
300802.SZ,,,,,,,,,,,,
300803.SZ,,,,,,,,,,,,
300805.SZ,,,,,,,,,,,,
300806.SZ,,,,,,,,,,,,
300807.SZ,,,,,,,,,,,,
300808.SZ,,,,,,,,,,,,
300809.SZ,,,,,,,,,,,,
300810.SZ,,,,,,,,,,,,
300811.SZ,,,,,,,,,,,,
300812.SZ,,,,,,,,,,,,
300813.SZ,,,,,,,,,,,,
300815.SZ,,,,,,,,,,,,
300816.SZ,,,,,,,,,,,,
300817.SZ,,,,,,,,,,,,
300818.SZ,,,,,,,,,,,,
300819.SZ,,,,,,,,,,,,
300820.SZ,,,,,,,,,,,,
300821.SZ,,,,,,,,,,,,
300822.SZ,,,,,,,,,,,,
300823.SZ,,,,,,,,,,,,
300825.SZ,,,,,,,,,,,,
300826.SZ,,,,,,,,,,,,
300827.SZ,,,,,,,,,,,,
300828.SZ,,,,,,,,,,,,
300829.SZ,,,,,,,,,,,,
300830.SZ,,,,,,,,,,,,
300831.SZ,,,,,,,,,,,,
300832.SZ,,,,,,,,,,,,
300833.SZ,,,,,,,,,,,,
300835.SZ,,,,,,,,,,,,
300836.SZ,,,,,,,,,,,,
600000.SH,,,1.0,1.0,,,,,,1.0,1.0,
600004.SH,,,,,,,,,,,,
600006.SH,,,,,,,,,,,,
600007.SH,,,,,,,,,,,,
600008.SH,,1.0,,,1.0,,,,,,,
600009.SH,,,,,,,,,,,,
600010.SH,,,,,1.0,,1.0,,,,,
600011.SH,,1.0,,,,,,,,1.0,,
600012.SH,,,,,,,,,,,,
600015.SH,1.0,,,,,,,,1.0,,,1.0
600016.SH,,,,,,,,,,,,
600017.SH,,,,,,,,1.0,1.0,,1.0,
600018.SH,,,,,1.0,,,,1.0,,,
600019.SH,,,,,,,,,,,,
600020.SH,,,,,,,,,,,,
600021.SH,,1.0,1.0,,,,,,,,,
600022.SH,,,,,1.0,,,1.0,,,,1.0
600023.SH,,,,,,,,,,,,
600025.SH,,,,,,,,,,,,
600026.SH,,,,,,,,,,,,
600027.SH,,,,,1.0,1.0,,1.0,,,1.0,
600028.SH,,,,,,,,,,,,
600029.SH,,1.0,,,,,,,,1.0,1.0,
600030.SH,,,,,,,,,,,,
600031.SH,,,,,,,,,,1.0,,
600033.SH,,,,,,,,,,,1.0,
600035.SH,,,1.0,,,,,,,,,
600036.SH,,,,,,,,,,,,
600037.SH,,,,,1.0,,,,,,,
600038.SH,,,,,,,1.0,,,,,
600039.SH,,,1.0,,,,1.0,1.0,,,,
600048.SH,,,,1.0,,,,,,,1.0,
600050.SH,,,1.0,,,,,,,,,
600051.SH,,,,,,,,,,,,
600052.SH,,,,,,,,,,,,
600053.SH,,,,,,,,,,,,
600054.SH,,,,,1.0,,,,,,,
600055.SH,,,,1.0,,,,,,,,
600056.SH,,,,1.0,,1.0,1.0,,,,,
600057.SH,,,,1.0,,1.0,,,1.0,,,
600058.SH,,,,,,,,,,,,
600059.SH,,,,,,,,,,1.0,,
600060.SH,,,,,,,,,,,1.0,
600061.SH,,,1.0,,1.0,,,,,,,
600062.SH,,,,,1.0,,,,,,,1.0
600063.SH,,,1.0,,1.0,,,,1.0,,,
600064.SH,,,,,,,,,,,,
600066.SH,,,,,,1.0,,,,,,
600067.SH,,,,,,,,,,,,1.0
600068.SH,,,,,,1.0,,,,,,
600069.SH,,,,,1.0,,,,,,1.0,
600070.SH,,,1.0,,,,,,,,,
600071.SH,1.0,,,,,,,,,,,
600072.SH,,,,1.0,,,,,,,,
600073.SH,,,,,,1.0,,,1.0,,,
600075.SH,,,,1.0,,,,,,,,
600076.SH,,,,,1.0,,,,,,,
600077.SH,,,,,,1.0,,,1.0,,,
600078.SH,,,,,,,,,,,,
600079.SH,,,1.0,,1.0,,1.0,,,,1.0,
600080.SH,,1.0,,,,,,,,,,
600081.SH,,,,,,,,,,,,
600082.SH,,,,,,,,,,,,
600083.SH,,,,,,,,,,,,
600084.SH,,,,,,1.0,,,,,1.0,
600085.SH,,,,,,,,,,,,
600086.SH,,,,,1.0,,,,,,,
600088.SH,,,,,,,,,,,,
600089.SH,,,,,,,,,,1.0,,1.0
600090.SH,,,,1.0,,,,,,,,
600091.SH,,,,,1.0,,,,,,,
600093.SH,,,,,1.0,,,,,,,
600094.SH,,,,1.0,,1.0,,,1.0,,,
600095.SH,,,,,,,,,,,,
600096.SH,,,,1.0,,,1.0,,1.0,,,
600097.SH,,,1.0,,,,,,,,,1.0
600098.SH,,,,,,,,1.0,,,,
600099.SH,,,,,,,,,,,,
600100.SH,,,,,1.0,,1.0,,,1.0,,
600101.SH,,,,,,,,,,,,
600103.SH,,,,1.0,,,,,,,,
600104.SH,,,1.0,,,,,,1.0,1.0,,
600105.SH,,,,,1.0,,,,,,,
600106.SH,,,,,,,,,,,,
600107.SH,,,,,,,,,,,,
600108.SH,,,,,,,,1.0,,,1.0,
600109.SH,,,,,1.0,,,1.0,,,,1.0
600110.SH,,,,,,,,,,1.0,,1.0
600111.SH,,,,,,,,,,,,
600112.SH,,,,,,,,,,1.0,,
600113.SH,,,,,,,,,,,,
600114.SH,,,,1.0,,1.0,,,,,,
600115.SH,1.0,,,1.0,,,1.0,,,,1.0,
600116.SH,,,,,1.0,,,,,1.0,,
600117.SH,,,,1.0,,,,,,,,
600118.SH,,,,,,,,,,,,
600119.SH,,,,,,,,,,,1.0,
600120.SH,,,1.0,,,,,,,,,
600121.SH,,,,,,,1.0,1.0,,,,
600122.SH,,,,,,,,,,1.0,1.0,
600123.SH,,,,,,,,,,,,
600125.SH,,,,,,,,,,,,
600126.SH,,,,1.0,,,,,,,,
600127.SH,,,,,,,1.0,,,,,
600128.SH,,,,,,,,,,,,1.0
600129.SH,,1.0,,,,,,,,,,
600130.SH,,,,,,,,,,,,
600131.SH,1.0,,,,,,,,,,,
600132.SH,,,,,,,,,,,,
600133.SH,1.0,,1.0,,,,1.0,1.0,,,,
600135.SH,1.0,,,,1.0,,,,,,,
600136.SH,1.0,,,1.0,1.0,,,,,,,
600137.SH,,,,,,,,,,,1.0,
600138.SH,,,,,,1.0,,,,,,
600139.SH,,,,,,,,,1.0,,,1.0
600141.SH,1.0,1.0,,,,1.0,1.0,,,1.0,,
600143.SH,,,,1.0,,,,1.0,,,,
600145.SH,,,,,,,,,,,,
600146.SH,,,,1.0,,,,,,,,
600148.SH,,,,,,,,,,,,
600149.SH,,,,,,,,,,,,
600150.SH,,,,,,,,,,,,
600151.SH,,,,1.0,,,,1.0,,,,
600152.SH,,,1.0,,,,,,,,,
600153.SH,,,,,,,,,,,,
600155.SH,,,,1.0,,1.0,,,,,,
600156.SH,,,,,,,,,,,,
600157.SH,,,,1.0,1.0,,,1.0,1.0,1.0,,
600158.SH,,,,,,,,,,,,
600159.SH,,,,,,,,,,,,
600160.SH,,,,1.0,,,,,1.0,,,
600161.SH,,,,,,,,,,1.0,,
600162.SH,,,1.0,1.0,1.0,,,,,,,1.0
600163.SH,,,,,1.0,,,,,,,1.0
600165.SH,,,,,,,,,1.0,,,
600166.SH,,,,,1.0,,,1.0,,1.0,,1.0
600167.SH,,,1.0,1.0,,,,,,,,
600168.SH,,,,,,,1.0,,,,,
600169.SH,,,,1.0,,,,,,1.0,,1.0
600170.SH,,,1.0,,,1.0,,,1.0,1.0,,
600171.SH,,,1.0,,,,,,,,,
600172.SH,,,,,1.0,,,,1.0,,,
600173.SH,,,,,,,,,,,1.0,
600175.SH,,,,1.0,,1.0,,,,,1.0,1.0
600176.SH,,,,1.0,,,,,1.0,,,
600177.SH,,,,1.0,,,,,,,,
600178.SH,,,,,,,,,,,,
600179.SH,,,,1.0,,,,,,,,
600180.SH,,,,,1.0,,,1.0,,,,
600182.SH,,,,,,,,,,,,
600183.SH,,,,,,,,,1.0,,,
600184.SH,,,,1.0,,,,,,1.0,,
600185.SH,,,,1.0,,,,,,,1.0,
600186.SH,,,,,,,,,,,,
600187.SH,,,1.0,,,,1.0,,1.0,,,
600188.SH,,,,,,,,,,,,
600189.SH,,1.0,1.0,,,,,,,,,
600190.SH,,,,,,,1.0,,,,1.0,
600191.SH,,,,,,,,,,,,
600192.SH,,,,,,,1.0,,,,,
600193.SH,,,,,,,,,,,,
600195.SH,,,,,,,1.0,,,,,
600196.SH,,,,1.0,,,,,,1.0,,
600197.SH,,,,,,,,,,,,
600198.SH,,,,,,1.0,,1.0,,,,
600199.SH,1.0,,,,,,,,,1.0,,
600200.SH,,,,1.0,1.0,,,,,,,
600201.SH,,,,1.0,,,,,,,,
600202.SH,,,,,,,,,,,,
600203.SH,,,,1.0,1.0,1.0,,,,,,
600206.SH,,,,,,1.0,1.0,,,,,
600207.SH,,,,1.0,,,1.0,,,,,
600208.SH,,,,,1.0,1.0,,,,,,
600209.SH,,,,,,,,,,,,
600210.SH,,,,,1.0,,,,,,,
600211.SH,,,1.0,,,,,,,,,
600212.SH,,,,,,,,,,,,
600213.SH,,,,,,,,,,,,
600215.SH,,,,,,,,,,,,
600216.SH,,,,,,,,1.0,,,,
600217.SH,,,1.0,,1.0,,,,,,,
600218.SH,,,,,1.0,,,,,,,
600219.SH,,,,1.0,,,,,,1.0,,
600220.SH,,,,,,,,,,,,
600221.SH,,,,1.0,,,,1.0,,1.0,,
600222.SH,,,,,1.0,,1.0,,,,,
600223.SH,,,,,,,,,,,1.0,
600225.SH,,,,,1.0,,,,,,1.0,
600226.SH,,,1.0,,,,,,,,,
600227.SH,,,,1.0,,,,,,1.0,,
600228.SH,,,,,,,,,,,,
600229.SH,,,,,1.0,,,,,,1.0,
600230.SH,,,,,,1.0,,,,,,
600231.SH,,,,,1.0,,,,,,,1.0
600232.SH,,,,,,,,,,,,
600233.SH,,,,1.0,,,,,,,,
600234.SH,,,,,,,,,,,,
600235.SH,,,,,,,1.0,,,,,
600236.SH,,,,,1.0,,,,,1.0,,
600237.SH,,,,,,,1.0,,,,,
600238.SH,,,,,,,,,,,,
600239.SH,,,,,,,,,,,1.0,
600241.SH,,,1.0,,1.0,,,,,,,
600242.SH,,,1.0,1.0,,,,,,1.0,,
600243.SH,,,,,1.0,,,,,,1.0,
600246.SH,,,,1.0,,,,,,,,
600247.SH,,,,,,,,,,,,
600248.SH,,1.0,,,,1.0,,,,,,1.0
600249.SH,,,,,1.0,,,,,,,
600250.SH,1.0,,,,,,,,,,,
600251.SH,,,,,,1.0,,,,,,1.0
600252.SH,,,,,,1.0,,,,1.0,,
600255.SH,,,,,1.0,,1.0,,,,,1.0
600256.SH,,,,,,,,,1.0,,,
600257.SH,,,,1.0,,,,,,,,
600258.SH,,,1.0,1.0,,,,,,,,
600259.SH,,,,1.0,,1.0,,,,,,1.0
600260.SH,,,1.0,,1.0,,,,,,,
600261.SH,,,,,,,,1.0,,,,
600262.SH,,,,,,,,,,,,
600265.SH,,,,,,,,,,,,
600266.SH,,,,,,1.0,,,,,,
600267.SH,,,,,,1.0,,,1.0,,1.0,
600268.SH,,,1.0,,,,,,,1.0,,1.0
600269.SH,,,,,,,,,,,,
600271.SH,,,,,,,,,,,,
600272.SH,,,,,,,,,,,,
600273.SH,,,1.0,,,1.0,,,,,,
600275.SH,,,,,,,,,,,,
600276.SH,,,,,,,,,,,,
600277.SH,,,1.0,,,,1.0,,,,1.0,
600278.SH,,,,,,,,,1.0,,,
600279.SH,1.0,,,,,1.0,,,,1.0,,
600280.SH,,,,,,,,,,,,
600281.SH,,,,,,,,,,,,
600282.SH,,,1.0,,1.0,,,,,1.0,,
600283.SH,,,,,1.0,,,,,,,
600284.SH,,,,,,,1.0,,,,,1.0
600285.SH,,,,1.0,,,1.0,,,,,
600287.SH,,,,,,,,,,,,
600288.SH,,,,,,,,,,,,
600289.SH,,,,1.0,,,,,,,,
600290.SH,,,,,1.0,,,,1.0,,1.0,
600291.SH,,,,1.0,,,,,,,,
600292.SH,,,,,,1.0,,,1.0,,,
600293.SH,,,,1.0,,,,,,,,
600295.SH,1.0,,,,,,,,,,,
600297.SH,,,1.0,,1.0,,,,,,,1.0
600298.SH,,,,,,,,,1.0,1.0,,
600299.SH,,,,,1.0,,,,,,,
600300.SH,,,,,,,,,,,,1.0
600301.SH,,,,,,,,,,,,
600302.SH,,,,,,,,,,,,
600303.SH,,,,1.0,,1.0,,,,,,
600305.SH,,,,,,1.0,,,,,,
600306.SH,,,,,,,,,,,,
600307.SH,,,,,,,1.0,,,,1.0,
600308.SH,,,,,,,,,,,1.0,
600309.SH,1.0,,1.0,,,,,,,,,
600310.SH,,,,,,,,,,1.0,,
600311.SH,,,,,,,,,,,,
600312.SH,,,,1.0,,1.0,,,,,1.0,
600313.SH,,,,,1.0,,,1.0,,,,
600315.SH,,,,,,,,,,,,
600316.SH,,,,,,,,,,1.0,,
600317.SH,,,,,,,,1.0,,,,1.0
600318.SH,1.0,,,,,,,,,,,
600319.SH,,,,,,,,,,,,
600320.SH,,,,,,,,,,,1.0,
600321.SH,,,,,1.0,,,,1.0,,,
600322.SH,,,,,,,,,,,,
600323.SH,,,,,1.0,1.0,,1.0,,,,
600325.SH,,,,,1.0,,,,,,,
600326.SH,,,,,1.0,,,,,,,
600327.SH,,,,1.0,,,,,,,,
600328.SH,,,,1.0,,,,,,,,
600329.SH,,,,,1.0,,,,,,,
600330.SH,,,,,1.0,1.0,,,,,,
600331.SH,,,,,,1.0,,,,,,
600332.SH,,,,1.0,,,1.0,,,,,
600333.SH,,,1.0,,,,1.0,,,,,
600335.SH,1.0,,,1.0,,1.0,,,1.0,,,
600336.SH,,,,1.0,,,,,,,,
600337.SH,,,1.0,,,,,,,1.0,,
600338.SH,,,,,1.0,,,,,,,
600339.SH,,,1.0,,,,,,,,,
600340.SH,,,,1.0,,,,,1.0,,,
600343.SH,,,,,,,1.0,,,,,
600345.SH,,,,,,,,,,,,
600346.SH,,1.0,,1.0,,1.0,,,1.0,,,
600348.SH,,,,,,,,,,,,
600350.SH,,,,,,,,,1.0,,,
600351.SH,,,,,1.0,,,1.0,,,,1.0
600352.SH,,,,,1.0,,,,,,,
600353.SH,,,,,,,,,1.0,,,
600354.SH,,,,,1.0,,,,1.0,,,
600355.SH,,,,,,,,,,,,
600356.SH,,,,,,,,,,,,
600358.SH,,,,1.0,,,,,,,,
600359.SH,,,,,,1.0,,,,,,
600360.SH,,,,,,,1.0,,,,,1.0
600361.SH,,,,,,,,,1.0,,,
600362.SH,,,,,,,,,,,,
600363.SH,,,,,,,,1.0,,,,
600365.SH,,,,,,,1.0,,,,,
600366.SH,,,,,1.0,,,,,,,
600367.SH,,,,,,,,,,,,
600368.SH,,,,,,,,,,,,
600369.SH,,,,,,1.0,,,,1.0,1.0,
600370.SH,,,,,,,,,,,,
600371.SH,,,,,,,,,,,,
600372.SH,,,,,,,,1.0,1.0,,1.0,
600373.SH,,,,,1.0,,1.0,,,1.0,,
600375.SH,,,,,,,1.0,,1.0,,,
600376.SH,,,,1.0,,,,,,,1.0,1.0
600377.SH,,,,,,,,,,,,
600378.SH,1.0,1.0,,,,,,,,,,
600379.SH,,,,,,,,,,,,
600380.SH,,,,,,,,,,,,
600381.SH,,,,,1.0,,,,1.0,,,
600382.SH,,,,1.0,,,,,,,,
600383.SH,,,,,,,,,,,1.0,
600385.SH,,,,,,,,,,,,
600386.SH,,,,,,,,,,,,
600387.SH,,,1.0,,,,,,,,,
600388.SH,,,,,,,,,,,1.0,
600389.SH,,,,,,,,,,,,
600390.SH,,,1.0,,1.0,,1.0,,,,,
600391.SH,,,,,,,,,1.0,,,
600392.SH,,,1.0,,,,1.0,,,,,
600393.SH,,,,1.0,,,,,,,,
600395.SH,,,,,,,,,,,1.0,
600396.SH,,,,,1.0,1.0,,,,,,
600397.SH,,,,,,,,1.0,,,,
600398.SH,,,,,,1.0,,,,,,
600399.SH,,,,,,,,,,,,
600400.SH,,,,1.0,1.0,,,,,,,
600403.SH,,,,,,,,1.0,1.0,,,
600405.SH,,,,,,,1.0,,,,,
600406.SH,,1.0,1.0,,,1.0,,,,1.0,,
600408.SH,,,,,,,,,,,1.0,
600409.SH,,,1.0,,,,,1.0,1.0,,,1.0
600410.SH,,,,1.0,,,,,1.0,,,
600415.SH,,,,,,,,,,,,1.0
600416.SH,,,,1.0,1.0,,,,,,,
600418.SH,,,,1.0,1.0,,,,,,,
600419.SH,,,,,1.0,,1.0,,,,,
600420.SH,,,1.0,,,,,,,,,
600421.SH,,,,,,,,,,,,
600422.SH,,,,,1.0,,1.0,,,,,
600423.SH,,,,,,,,,,,,
600425.SH,,,,,,,,1.0,,,,
600426.SH,,,,,,,,,,1.0,,
600428.SH,,,,1.0,,,,,,,,
600429.SH,,,,,1.0,,,,,,1.0,
600433.SH,,,,,1.0,,,,1.0,,1.0,
600435.SH,,,,,,,,,,,1.0,1.0
600436.SH,,,,,,,,,,,,
600438.SH,,,,1.0,,,1.0,,,,,
600439.SH,,,,,,,,,,1.0,,
600444.SH,,,,,1.0,,,,,,,
600446.SH,,1.0,,,1.0,,,,,,,
600448.SH,,,1.0,,,1.0,,,,,,
600449.SH,,,,,,,,,1.0,,,1.0
600452.SH,,,,,,,,,,,,
600455.SH,,,,,,,,,,,,
600456.SH,,,,,,,,,,,,1.0
600458.SH,,,,1.0,,,,,,1.0,,
600459.SH,,,,,,,,,1.0,,,
600460.SH,,1.0,,,,,1.0,,,1.0,,
600461.SH,1.0,,,1.0,,,,,1.0,,,
600462.SH,,,,,,,,,,,,
600463.SH,,,,1.0,,,,,,,,
600466.SH,,,,,1.0,,,,,,,
600467.SH,,,,,,,,,1.0,,,
600468.SH,,,,1.0,,,,,,,,
600469.SH,,,,,,,,,,,,1.0
600470.SH,,,,,,,,,,1.0,,
600475.SH,,,1.0,,,,,,,,,
600476.SH,,,,,,,,,,,,
600477.SH,,,,,1.0,1.0,,,,,,
600478.SH,1.0,,1.0,,1.0,,,,,1.0,,1.0
600479.SH,,,,,1.0,,,,,,,
600480.SH,,,,,1.0,,,,,1.0,,
600481.SH,,,,,,,,,,,,1.0
600482.SH,,,,1.0,,,1.0,,,,,
600483.SH,,,,1.0,,1.0,,,,,,
600485.SH,,,,,,1.0,,,,,,
600486.SH,,,,,,,,,,,1.0,
600487.SH,,,1.0,,,1.0,,,1.0,,,
600488.SH,,,1.0,,,,1.0,,,,,
600489.SH,,,,,,,,,1.0,,,1.0
600490.SH,1.0,1.0,1.0,1.0,,,,1.0,,,,
600491.SH,,1.0,,1.0,,,,,,,1.0,
600493.SH,,,,,,,,,,,,
600495.SH,,,,,,,1.0,,,,1.0,
600496.SH,,1.0,,,,1.0,,,,,1.0,
600497.SH,,,1.0,1.0,,,,,,,,
600498.SH,,,1.0,,1.0,,,1.0,,,1.0,
600499.SH,,,1.0,,,1.0,1.0,1.0,1.0,,,1.0
600500.SH,,,,,,,1.0,,,,,
600501.SH,,,,,1.0,,,,,,,
600502.SH,,,1.0,,1.0,,,,,,,
600503.SH,,,,,,1.0,,,,,,1.0
600505.SH,,,,,,,,,,,,
600506.SH,,,,,,,,,,,,
600507.SH,,,,,,,,,,,,
600508.SH,,,,,,,,,,,,
600509.SH,,,1.0,,,,1.0,,,,,
600510.SH,,,,,1.0,,,,,,1.0,
600511.SH,,,1.0,,,,,,,,,
600512.SH,,,,1.0,1.0,,,,,,,1.0
600513.SH,,,,,1.0,,1.0,,,,,
600515.SH,,,,1.0,,,,1.0,,,,
600516.SH,,,,,,,1.0,,,,,1.0
600517.SH,,,,,1.0,,1.0,,,,,
600518.SH,,,,1.0,,,,,,,,
600519.SH,,,,,,,,,,,,
600520.SH,,,,,,1.0,,,,,,
600521.SH,1.0,,,1.0,,,1.0,,,,,
600522.SH,,,1.0,,1.0,1.0,,,1.0,,1.0,
600523.SH,,,,,,,,,,,,1.0
600525.SH,,,,,1.0,,,,,,,
600526.SH,,,,,1.0,,1.0,,,,,
600527.SH,,,1.0,,,,,,1.0,,,
600528.SH,,,1.0,,,,,,,,,
600529.SH,,,,1.0,,,,,,,,
600530.SH,,,,,,,,,,,,
600531.SH,,,,1.0,,,,,,,,
600532.SH,,,,,1.0,,,1.0,,,,
600533.SH,,,,,,,,,,,,1.0
600535.SH,,,,,1.0,,,,,1.0,,
600536.SH,,,,,,,1.0,,,,1.0,
600537.SH,,,,,1.0,,,,1.0,,,
600538.SH,,,,,,1.0,,,,,,
600539.SH,,,,,,,,,,,,
600540.SH,,,,,,1.0,,,,,,
600543.SH,,,,,,,,,,,,1.0
600545.SH,,,1.0,,,,,,,,1.0,
600546.SH,,,,,,,,,1.0,,1.0,
600547.SH,,,,1.0,,,,,,,,1.0
600548.SH,,,,,,,,,,,,
600549.SH,,,,,,1.0,,,,,,
600550.SH,,1.0,,,1.0,,,,,,,
600551.SH,,,,,,,,,,1.0,,1.0
600552.SH,,,,,1.0,,1.0,,,,,
600555.SH,,,,,,,,,,,,
600556.SH,,,,,,,,,,,,
600557.SH,,,,,,1.0,,,,,,
600558.SH,,,,,,1.0,,,,,,
600559.SH,1.0,1.0,,,1.0,,,,,,,
600560.SH,,,,,,,,,,,,
600561.SH,,,,,,,1.0,,,,,
600562.SH,,,,1.0,,,1.0,,,,,
600563.SH,,,,,,,,,,,,
600565.SH,,,,,,1.0,,,,,,
600566.SH,,,,1.0,,1.0,1.0,,,,,
600567.SH,,,,1.0,,,1.0,,1.0,,,
600568.SH,,,,1.0,1.0,,,,,,1.0,
600569.SH,1.0,,,,,,,,,,,1.0
600570.SH,,,,,,,,,,,,
600571.SH,,,,,1.0,,,,,,,
600572.SH,,1.0,,,1.0,,,1.0,,1.0,,
600573.SH,,,,,,,,,,,,
600575.SH,,,,1.0,,1.0,,1.0,,1.0,,
600576.SH,,,,,1.0,,,,,,,
600577.SH,,,,,,1.0,,,1.0,,,
600578.SH,,,1.0,,,,1.0,1.0,,1.0,,
600579.SH,1.0,,,1.0,,,1.0,,,,,
600580.SH,,,,1.0,,,1.0,,,1.0,,
600581.SH,,,,,,,,,,,,
600582.SH,,,,,1.0,,,,,,,
600583.SH,,,,,,,1.0,,,,,1.0
600584.SH,,1.0,1.0,,1.0,1.0,,,,,,
600585.SH,,,,,,,,,,,,1.0
600586.SH,,,,,,,,,1.0,,,
600587.SH,,,,,1.0,1.0,1.0,,,,,
600588.SH,,,,,1.0,,,,,,,
600589.SH,,,,1.0,,,,,,,1.0,
600590.SH,,,,1.0,1.0,,,1.0,,,,
600592.SH,,,,,,,1.0,,,,,
600593.SH,,,,,,,,,,,,
600594.SH,,,,,,1.0,,,,,,
600595.SH,,1.0,,,,,1.0,,,,,
600596.SH,,,,,,,,,,,1.0,
600597.SH,,,,,,,,1.0,,,,
600598.SH,,,,,,,,,,,,
600599.SH,,,,,,,1.0,,,,,
600600.SH,,,,,,,,,,,,
600601.SH,,,,,,,,,,,,
600602.SH,,,1.0,,1.0,,,,,,,
600603.SH,,,1.0,1.0,,,,,,,,
600604.SH,,,,1.0,1.0,,,,,,,
600605.SH,,,,,,,,,,,,
600606.SH,,,,,1.0,,,,,,,
600608.SH,,,,,,,,,,,,
600609.SH,,,,,,,,,,,,
600610.SH,,,,,,,,,,,,
600611.SH,,,,,,,,,,,,
600612.SH,,,,,,,,,,1.0,,
600613.SH,,,,,,,1.0,,,,,
600614.SH,,,,,1.0,1.0,,,,,,1.0
600615.SH,,,,,,,,,,,,
600616.SH,,,,,,1.0,,,,,,
600617.SH,,,,,1.0,1.0,1.0,,,,,
600618.SH,,,,,,,,,,,,
600619.SH,,,,,1.0,,,1.0,,,,
600620.SH,,,,,,,,,,,,
600621.SH,,,1.0,,,,,,,,,
600622.SH,,,,1.0,,,,,,,,
600623.SH,,,,,1.0,,,,,,,
600624.SH,,,,,,1.0,,,,,,
600626.SH,,1.0,,,,,,,,,,
600628.SH,,,,1.0,,,,,,,,
600629.SH,,,1.0,,1.0,,,,,1.0,,1.0
600630.SH,,,,,,,,,,,,
600633.SH,,,,1.0,,,1.0,,1.0,,,
600634.SH,,,,,,1.0,1.0,,,,,
600635.SH,,,,,,,,,,,,
600636.SH,,,,,1.0,,,,,,,
600637.SH,,,,,1.0,,,,1.0,,,
600638.SH,,,,,,,,,,,,
600639.SH,,,,,1.0,,,,,,,
600640.SH,,,1.0,,,,,1.0,,,,
600641.SH,,,,,,,,,,,,
600642.SH,1.0,,,,,,,,,1.0,,
600643.SH,,1.0,,,,,,1.0,,,,
600644.SH,,,,,,1.0,,,,,,
600645.SH,1.0,1.0,,,1.0,,1.0,,,,,
600647.SH,,,,,,,,,,,,
600648.SH,,,,,,1.0,,,,,,1.0
600649.SH,,,,,,,,,,,,1.0
600650.SH,,,,,,,,,,,,
600651.SH,,,,,1.0,,,,,,,
600652.SH,,,,,,1.0,,,,,,
600653.SH,,,,1.0,,,,,,,,
600654.SH,,,,,1.0,,,,,,,
600655.SH,,1.0,,,,,,,,,,
600657.SH,,1.0,,,,,,,,,,1.0
600658.SH,,,,1.0,,,,,,,1.0,
600660.SH,,,,,,,,,,,,
600661.SH,,,1.0,,,1.0,,,,,,
600662.SH,,,,,,,,,1.0,,,
600663.SH,,,,,,,,,,,,
600664.SH,,,,,,,,1.0,,,,
600665.SH,,,,,,,,,,,,
600666.SH,,,,,1.0,,,,,,,
600667.SH,,,1.0,1.0,,,,,,,1.0,
600668.SH,,,,,,,,,,,,
600671.SH,,,,,,,,,,,,
600673.SH,,1.0,,,,1.0,,,,,,
600674.SH,,,,,,,,1.0,,,1.0,
600675.SH,,1.0,,,,,,,,,,
600676.SH,,,,1.0,,,,1.0,,,,
600677.SH,,,,,1.0,,1.0,,,,,
600678.SH,,,,,,,,,,,,
600679.SH,,,,,1.0,,,,,,,
600681.SH,,,1.0,1.0,,,,,,,,
600682.SH,1.0,1.0,1.0,,1.0,,,,,,,
600683.SH,,,,,,,,,,,1.0,
600684.SH,,,,,,,,,,,,
600685.SH,,,,,1.0,,,,,,,
600686.SH,,,,,1.0,,,,,,,
600687.SH,,,,1.0,,,1.0,,,,,
600688.SH,,,,,,,,,,,,
600689.SH,,,,,,,,,,,,
600690.SH,,,,,,1.0,,,,,,
600691.SH,1.0,,,,,,,1.0,,,,
600692.SH,,,,,,,,,,,,
600693.SH,,,,,1.0,,,,,,,
600694.SH,,,,,,,,,,,,
600695.SH,,,,,,,,1.0,,,,
600696.SH,,,,,,,,,,,,
600697.SH,,,,,,,,,,,,
600698.SH,1.0,,,,,,,,,,,
600699.SH,,,1.0,,1.0,,1.0,1.0,1.0,,,
600701.SH,,,,1.0,,,,,,,,
600702.SH,,,,,,,,,,,,
600703.SH,,,,,1.0,1.0,,,,1.0,1.0,1.0
600704.SH,1.0,,,,1.0,1.0,,,,,1.0,
600705.SH,,,,,1.0,1.0,,1.0,,,,
600706.SH,,,,,,,,1.0,,,,
600707.SH,,,1.0,,,,,,,1.0,,
600708.SH,,,,,1.0,,,,,,,
600710.SH,,,,1.0,,,,,1.0,,,
600711.SH,1.0,1.0,,,,1.0,1.0,,,1.0,,
600712.SH,,,,,,,,,1.0,,,
600713.SH,,1.0,,,,1.0,,,,1.0,,
600714.SH,,,,,1.0,,,,,,1.0,
600715.SH,,,1.0,,1.0,,,,,,,
600716.SH,,,,1.0,,,,,,1.0,,
600717.SH,,,,,,,,,,,,1.0
600718.SH,,,,,,,,,,,,
600719.SH,,,,,,,,,,,,
600720.SH,,,,,,,,,,,1.0,
600721.SH,,,1.0,1.0,,,,,,1.0,,1.0
600722.SH,,,,,,,,1.0,,,,
600723.SH,,,,,,,,,1.0,,,
600724.SH,,,,,,,,,,,1.0,
600725.SH,,,,,,,,,,,1.0,
600726.SH,,,,,,,,,,,1.0,
600727.SH,,,,,,,,,,,,
600728.SH,,,1.0,1.0,,,1.0,1.0,,,,
600729.SH,,,,,,,1.0,,,1.0,,
600730.SH,,,,,,,,,,,,
600731.SH,,1.0,,,,,1.0,,,,,
600732.SH,1.0,,,,,,,,,,,
600733.SH,1.0,1.0,,,,,,,,,,
600734.SH,,,1.0,1.0,,,,,,,,
600735.SH,,,,,,,,1.0,,,,
600736.SH,,,,,1.0,,,,,,,
600737.SH,1.0,,,,,,1.0,,,,,1.0
600738.SH,,,1.0,,,,1.0,,,,,
600739.SH,,,,,1.0,1.0,,,,,,
600740.SH,1.0,1.0,,,,,1.0,,,,,
600741.SH,,,,1.0,,,,,,,1.0,
600742.SH,,,,,,,,,,,,
600743.SH,,,,,,,,,,,,1.0
600744.SH,,,,,1.0,,,,,,,
600745.SH,1.0,,,,1.0,1.0,,,,,,1.0
600746.SH,,,,,,,,,,,,
600748.SH,,,,1.0,,,,,,,,1.0
600749.SH,,1.0,,,,,,,1.0,,,
600750.SH,,,,,,,,,,1.0,,
600751.SH,,,,,,1.0,,,,,,
600753.SH,,,,,,,,,,,,
600754.SH,,,,1.0,,1.0,,,,,,
600755.SH,,,,,,,,,,,,
600756.SH,,,,1.0,,,,,,,,
600757.SH,,,,,,,1.0,1.0,,,,
600758.SH,,,,,1.0,,,,,,,
600759.SH,,,,,,1.0,,,,,,
600760.SH,,,1.0,,,,,,,1.0,,
600761.SH,,,,,,,,,,,,
600763.SH,,,,,,,,,,,,
600764.SH,1.0,,1.0,,,,,,,,,
600765.SH,1.0,,,,,,,,,,1.0,
600766.SH,,,,,,,,,,,,
600767.SH,,,,,,,,,,,,
600768.SH,,,,,,,,,,,,
600769.SH,,,,,,,,,,,,
600770.SH,,,,,,1.0,,,1.0,,1.0,
600771.SH,,,,1.0,1.0,,,,,,,
600773.SH,,1.0,,,,1.0,,,,,1.0,
600774.SH,,,,,,,,,,,,
600775.SH,,,,,,,1.0,,,,,
600776.SH,,,,,,,,,,,,
600777.SH,,,1.0,1.0,1.0,,,,,,,
600778.SH,,,,,,,,,,,,
600779.SH,,,,,,,,,,,,
600780.SH,,,,,,,,,1.0,,,
600781.SH,,,1.0,,,,,,,,,
600782.SH,,,1.0,,,,,,,,,
600783.SH,,,,,,,,,,1.0,,
600784.SH,,,,,,1.0,,,,,,
600785.SH,,,,,,1.0,,,,,,
600787.SH,,,,,1.0,,1.0,,,,1.0,
600789.SH,,1.0,,,,,,,,,,
600790.SH,,,,,,,,1.0,,,,
600791.SH,,,,,,,,,,,,
600792.SH,,,,,,,1.0,,1.0,,,
600793.SH,1.0,,,,,,,,,,,
600794.SH,,,,1.0,,1.0,1.0,,,,,
600795.SH,,,,,,,1.0,,,1.0,,
600796.SH,,,,,,,,,,,,
600797.SH,,,1.0,,1.0,,,,,,,
600798.SH,,1.0,,,,,,,,,,1.0
600800.SH,,,,,,,,,,,,
600801.SH,,,,,,,,,1.0,,,1.0
600802.SH,,,,,,,,,,,,
600803.SH,,,,,,1.0,1.0,,1.0,,,
600804.SH,,,,,,,,,,1.0,,
600805.SH,,,,,,,,,,,,
600807.SH,,,,,1.0,1.0,,,,,,
600808.SH,,,,,,,,,,,,
600809.SH,,,,,,,,,,,,
600810.SH,,,,,,,,,,,,
600811.SH,,,,1.0,,,,,,,,
600812.SH,,,,,,1.0,,1.0,,,,
600814.SH,,,,,,1.0,,,,,,
600815.SH,,,,,,,,1.0,,,,
600816.SH,,,,1.0,1.0,,,,,,,
600817.SH,,,,,,,,,,,,
600818.SH,,,,,,,,,,,,
600819.SH,,,,,,1.0,,,,,,
600820.SH,,,,,,,,1.0,,,,
600821.SH,,,,,,,,,,,,
600822.SH,,,,,,,,,,,1.0,
600823.SH,,,,,1.0,,,,,,1.0,
600824.SH,,,,,,,,,,,,
600825.SH,,,,,,,,,,,,1.0
600826.SH,,,,,,,,,,,,
600827.SH,,,,1.0,,,,,1.0,,,
600828.SH,,,,1.0,,,,,,,,
600829.SH,,,,,,,,,,,,
600830.SH,,,,,,,,,,,,1.0
600831.SH,,,,1.0,,,,,,,,
600833.SH,,,,,,,,,,,,
600834.SH,,,,,,,,,,,,
600835.SH,,,,,,,,,,,,
600836.SH,,,,,1.0,,,,,,,
600837.SH,,,,,,,,,,,,
600838.SH,,,,,,,,,,,,
600839.SH,,,,,,,,,,,,
600841.SH,,,,,,,,1.0,,,,
600843.SH,,,,,,1.0,,,,,,
600844.SH,,,,1.0,,,,,,,1.0,
600845.SH,,,,,1.0,1.0,,,,,,
600846.SH,,,,,,,,,,,1.0,
600847.SH,,,,,,,1.0,,,,,
600848.SH,1.0,,1.0,,1.0,,,,,,,
600850.SH,,,,,,,,1.0,,,,
600851.SH,,,,,,,,,,,,
600853.SH,,1.0,,,,,,,,,,
600854.SH,,,,,,,,,,,,
600855.SH,1.0,1.0,,,,,,1.0,,,,
600856.SH,,,1.0,,1.0,,,,,,,
600857.SH,,,,,,,,,,,,
600858.SH,,,,,,,,,,1.0,,
600859.SH,,1.0,,1.0,,,,,1.0,,,
600860.SH,,,,,,,,,,,,
600861.SH,,,,,,,,,,,,
600862.SH,,,,,1.0,,,,,1.0,,
600863.SH,,,,,,,,1.0,,,,
600864.SH,,,,1.0,,,,,,,,
600865.SH,,,,,,,,,,,,
600866.SH,1.0,,,,,1.0,,,1.0,,,
600867.SH,,,,1.0,,,,,,,,
600868.SH,,,,,,,,,,,,
600869.SH,,,,1.0,,,,,1.0,1.0,,
600870.SH,,,,,,,,1.0,,,,
600871.SH,,1.0,,,1.0,,,,,,,
600872.SH,,,,,,,,,,,,
600873.SH,,,,,,,1.0,,1.0,,,
600874.SH,,,,,,,,,,,,
600875.SH,,1.0,,,,,,,,,1.0,1.0
600876.SH,,1.0,,1.0,1.0,,,,,,,
600877.SH,1.0,,,,,,,,,,,
600879.SH,,,1.0,1.0,,,,,,,,
600880.SH,,,,,,,1.0,,,,,
600881.SH,,,1.0,,1.0,,,,,,,
600882.SH,,,,,,,,1.0,,,,
600883.SH,,,,,,,,,,,,
600884.SH,,,,1.0,,,,,,,,
600885.SH,,,,,,1.0,,1.0,,,,
600886.SH,,,,,,,,,1.0,,1.0,
600887.SH,,,,,,,1.0,,,,,
600888.SH,1.0,,,,,,,,1.0,,,1.0
600889.SH,,1.0,,,,,,,,,,
600890.SH,,,,,,,,,,,,
600891.SH,,,,,1.0,,,,,,,
600892.SH,,,,1.0,,,,,,,,
600893.SH,,,1.0,,,1.0,,,,1.0,,1.0
600894.SH,,,,,,1.0,,1.0,,,,
600895.SH,,,,,,,,,,,,
600896.SH,,,,1.0,,,,,,,,
600897.SH,,,,,,,,,,,,
600898.SH,,,,,,,,,,,,
600900.SH,,,,1.0,,,,,,,1.0,
600901.SH,,,,,,,,,,,,
600903.SH,,,,,,,,,,,,
600908.SH,,,,,,,,,,,,
600909.SH,,,,,,,,,,,,
600917.SH,,,,,,,,,,,,
600918.SH,,,,,,,,,,,,
600919.SH,,,,,,,,,,,,
600926.SH,,,,,,,,,,,,
600928.SH,,,,,,,,,,,,
600929.SH,,,,,,,,,,,,
600933.SH,,,,,,,,,,,,
600936.SH,,,,,,,,,,,,
600939.SH,,,,,,,,,,,,
600958.SH,,,1.0,,,,,,,,,
600959.SH,1.0,1.0,,,,,,,,,,
600960.SH,,,1.0,1.0,,1.0,,,,,,
600961.SH,,,,,,,,,,,,
600962.SH,,,,,,,,,,,,1.0
600963.SH,,,1.0,,,,,1.0,,,,
600965.SH,,,,,1.0,,1.0,,,,,
600966.SH,,,,,,,,,,,,
600967.SH,,,1.0,,,,,1.0,,,,1.0
600968.SH,,,,,,,,,,,,
600969.SH,,,,,,1.0,,,,,,
600970.SH,,,,,1.0,,,,,,1.0,
600971.SH,,,,,,,,,,1.0,1.0,
600973.SH,,,,1.0,,,,,1.0,,,
600975.SH,,,,,1.0,,,,,,,
600976.SH,,,,,,,,,,,,
600977.SH,,,,,,,,,,,,
600978.SH,,,,,,,,,,1.0,,
600979.SH,,,,1.0,,,1.0,,,1.0,,
600980.SH,,,,,1.0,,,,,,,
600981.SH,,,,,1.0,,,,,,,
600982.SH,1.0,,,,,1.0,,,,,,
600983.SH,,,,,,1.0,,,,,,
600984.SH,,,,,1.0,,1.0,,,,,
600985.SH,1.0,1.0,1.0,,,,,1.0,,,,
600986.SH,,,1.0,,1.0,,,,,,,
600987.SH,,1.0,,,,,,,,,,
600988.SH,1.0,,,,1.0,,,1.0,,,,
600989.SH,,,,,,,,,,,,
600990.SH,,,1.0,,,,1.0,,,,,
600992.SH,,,,,,,1.0,,,,,
600993.SH,,,,,,,,,,,,
600995.SH,,,,,,,,,,,,
600996.SH,,,,,,,,,,,,
600997.SH,,,1.0,,,,,,,,,1.0
600998.SH,,,1.0,,,1.0,,,,,,
600999.SH,,,,,,1.0,,,,,,
601000.SH,,,,1.0,1.0,,,,1.0,,,
601001.SH,,,,,,,,,,,,
601002.SH,,,,,,,1.0,,,,,
601003.SH,,,,,,,,,,,,
601005.SH,,,,,,,1.0,,,,,
601006.SH,,,,,,,,,,1.0,,
601007.SH,,,,,,,,,,,,
601008.SH,1.0,,,,,1.0,,,1.0,,,
601009.SH,,,,,1.0,,,,,,,
601010.SH,,,,,,,,,,,,
601011.SH,,,1.0,,1.0,,,,,,,
601012.SH,,,,1.0,1.0,,,,,,,
601015.SH,,,1.0,,,,,,,,,
601016.SH,,,,1.0,,,,,,,,
601018.SH,,,,1.0,,,,,,,,
601019.SH,,,,,,,,,,,,
601020.SH,,,,,,,,,,,,
601021.SH,,1.0,,,,,,,,,,
601028.SH,,,,,,1.0,,,,,,
601038.SH,,,,,,,,,,,,
601058.SH,,,1.0,,,1.0,,,,,,
601066.SH,,,,,,,,,,,,
601068.SH,,,,,,,,,,,,
601069.SH,,,,,,,,,,,,
601077.SH,,,,,,,,,,,,
601086.SH,,,,,,,,,,,,
601088.SH,,,,,,,,,,,,
601098.SH,,,,,,,,,,,,
601099.SH,,,,,,1.0,,,,,,
601100.SH,,,,,,,,,,,,
601101.SH,,,,,,,,,,,,
601106.SH,,,1.0,,,,,,,,,
601107.SH,,,,,,,,,,,,
601108.SH,,,,,,,,,,,,
601111.SH,,,1.0,,,,1.0,,,1.0,,
601113.SH,1.0,1.0,,,1.0,,,,,,,
601116.SH,,1.0,,,,,,,,,,
601117.SH,,,,,,,,,,,,
601118.SH,,1.0,,,,,,,,,,
601126.SH,,,,,,,,,,,,
601127.SH,,,,,,,,,,,,
601128.SH,,,,,,,,,,,,
601137.SH,1.0,,,1.0,,,,,,,,
601138.SH,,,,,,,,,,,,
601139.SH,,,,,,,,,1.0,,,
601155.SH,,,,,,,,,,,,
601158.SH,,,,,,,,,,,,
601162.SH,,,,,,,,,,,,
601163.SH,,,,,,,,,,,,
601166.SH,,,1.0,,,,1.0,,,,,
601168.SH,,,,,,,,,,,,
601169.SH,,,1.0,,,,,1.0,,,,
601177.SH,,,,,,,,,,,,
601179.SH,,,,,,,1.0,,,,,
601186.SH,,,,,1.0,,,,,,,
601188.SH,,,,,,,1.0,,,,,
601198.SH,,,,1.0,,,,,,,,
601199.SH,,,,,,,,,,,,
601200.SH,,,,,,,,,,,,
601208.SH,,,,,,,,,,,,
601211.SH,,,,,,,,,,,,
601212.SH,1.0,,,,,,,,,,,
601216.SH,,,,1.0,,,,,,,,
601218.SH,,,,,,,,,,,,
601222.SH,,,,1.0,1.0,,,,,,,
601225.SH,,,,,,,,,,,,
601226.SH,,,,,,,,,,,,
601228.SH,,,,,,,,,,,,
601229.SH,,,,,,,,,,,,
601231.SH,,,,,,1.0,,,,,,
601233.SH,,,1.0,1.0,,,,,,,,
601236.SH,,,,,,,,,,,,
601238.SH,,,1.0,,,,,,,,,
601258.SH,,,,,,1.0,,,,,,
601288.SH,,1.0,,,,,,,,,,
601298.SH,,,,,,,,,,,,
601311.SH,,,,,,,,,,,,
601318.SH,,,,,,,,,,,,
601319.SH,,,,,,,,,,,,
601326.SH,,,,,,,,,,,,
601328.SH,,,,,,,,1.0,,,,
601330.SH,,,,,,,,,,,,
601333.SH,,,,,,,,,,,,
601336.SH,,,,,,,,,,,,
601339.SH,,,,,,,,,,,,
601360.SH,,1.0,,,,,,,,,,
601366.SH,,,,,,,,,,,,
601368.SH,1.0,,,,,,,,,,,
601369.SH,,,,,,,,,,,,
601375.SH,,,,,,,,,,,,
601377.SH,,,,,,,1.0,,,,,
601388.SH,,,,,,,,,,,,
601390.SH,1.0,,,,1.0,,,,,,,
601398.SH,,,,,,,,,,,,
601500.SH,1.0,,,,,,,,,,,
601512.SH,,,,,,,,,,,,
601515.SH,,,,,,,,,,,,
601518.SH,,1.0,,,,,,,,,,
601519.SH,,,,,,,,,,,,
601555.SH,,,,1.0,,1.0,,,,,,
601558.SH,,,,,,,,,,,,
601566.SH,,,,,,,,,,,,
601567.SH,,,,1.0,1.0,,,,,,,
601577.SH,,,,,,,,,,,,
601579.SH,,,,1.0,,,,,,,,
601588.SH,,,,,,,,,,,,
601595.SH,,,,,,,,,,,,
601598.SH,,,,,,,,,,,,
601599.SH,,,,1.0,,1.0,,,,,,
601600.SH,1.0,,,,1.0,,,,,,,
601601.SH,,,,,,,,,,,,
601606.SH,,,,,,,,,,,,
601607.SH,,,,,,,,,,1.0,,
601608.SH,,,,1.0,1.0,,,,,,,
601609.SH,,,,,,,,,,,,
601611.SH,,,,,,,,,,,,
601615.SH,,,,,,,,,,,,
601616.SH,,,,,,,,,,,,
601618.SH,,,1.0,,,,,,,,,
601619.SH,1.0,,,,,,,,,,,
601628.SH,,,,,,,,,,,,
601633.SH,,,,,,,,,,,,
601636.SH,,,,,1.0,1.0,,,,,,
601658.SH,,,,,,,,,,,,
601666.SH,,,,,,,,,,,,
601668.SH,,,,,,,,,,,,
601669.SH,,,1.0,,1.0,,,,,,,
601677.SH,,,1.0,,1.0,,,,,,,
601678.SH,,,,,,,,,,,,
601688.SH,,1.0,,,,,,,,,,
601689.SH,,,1.0,,,,,,,,,
601696.SH,,,,,,,,,,,,
601698.SH,,,,,,,,,,,,
601699.SH,,,,,,,,,,,,
601700.SH,,,,,,,,,,,,
601717.SH,,,1.0,,,,,,,,,
601718.SH,,,1.0,,,,,,,,,
601727.SH,,,1.0,1.0,,,,,,1.0,,
601766.SH,,,1.0,,,,,1.0,,,,
601777.SH,,,,,1.0,,,,,,,
601778.SH,,,,,,,,,,,,
601788.SH,,,,,1.0,,,,,,,
601789.SH,,,,,,,1.0,1.0,,,,
601798.SH,,,,,,,,,,,,
601799.SH,,,,1.0,,,,,,,,
601800.SH,,,,,,,,,,,,
601801.SH,,,,1.0,,,,,,,,
601808.SH,,,,,,,,,,,,
601811.SH,,,,,,,,,,,,
601816.SH,,,,,,,,,,,,
601818.SH,,,,,,,,,,,,
601828.SH,,,,,,,,,,,,
601838.SH,,,,,,,,,,,,
601857.SH,,,,,,,,,,,,
601858.SH,,,,,,,,,,,,
601860.SH,,,,,,,,,,,,
601865.SH,,,,,,,,,,,,
601866.SH,,,,,,,,,,,,
601869.SH,,,,,,,,,,,,
601872.SH,,1.0,,,1.0,,,1.0,,,,
601877.SH,,,1.0,1.0,,,,,,,,
601878.SH,,,,,,,,,,,,
601880.SH,,,,,,,,,,,,
601881.SH,,,,,,,,,,,,
601882.SH,,,,,,,,,,,,
601886.SH,,,,,,1.0,,,,,,
601888.SH,,,,,,,1.0,,,,,
601890.SH,,,,,,,,,,,,
601898.SH,,,,,,,,,,,,
601899.SH,1.0,,1.0,,,,,,,,,
601900.SH,,,1.0,,,,,,,,,
601901.SH,,,,,,1.0,,,,,,
601908.SH,,,,,1.0,,,,,,,
601916.SH,,,,,,,,,,,,
601918.SH,,,,,,,,,,,,
601919.SH,1.0,,,,,,,,,,,
601928.SH,,,,,,,,,,,,
601929.SH,,,,,,,,,,,,
601933.SH,,,,1.0,1.0,,1.0,,,,,
601939.SH,,,,,,,,,,,,
601949.SH,,,,,,,,,,,,
601952.SH,,,,,,,,,,,,
601958.SH,,,,,,,,,,,,
601965.SH,,,,,,,,,,,,
601966.SH,,,,,,,,,,,,
601968.SH,,,,,,,,,,,,
601969.SH,,,1.0,,,,,,,,,
601975.SH,,,,,,,,,,,,
601985.SH,,,,,,,,,,,,
601988.SH,,,,,,,,,,,,
601989.SH,,1.0,1.0,,,1.0,,,1.0,,,
601990.SH,,,,,,,,,,,,
601991.SH,,1.0,,,,,,,1.0,1.0,,
601992.SH,,,,,1.0,1.0,,,,,,
601996.SH,,1.0,,,,,,,,,,
601997.SH,,,,,,,,,,,,
601998.SH,,,,1.0,,,,,,,,
601999.SH,,,,,,,,,,,,
603000.SH,,,,,,,,,,,,
603001.SH,,,,,,,,,,,,
603002.SH,,,,,,,,,,,,
603003.SH,,,,1.0,,,,,,,,
603005.SH,,,,,,,,,,,,
603006.SH,,,,,1.0,,,,,,,
603007.SH,,,,,,,,,,,,
603008.SH,,,,1.0,,,,,,,,
603009.SH,,1.0,,1.0,,,,,,,,
603010.SH,,,,,1.0,,,,,,,
603011.SH,,,,1.0,,,,,,,,
603012.SH,,,,,,,,,,,,
603013.SH,,,,,,,,,,,,
603015.SH,,,,,,,,,,,,
603016.SH,,,,,,,,,,,,
603017.SH,,,,1.0,,,,,,,,
603018.SH,,,,,,,,,,,,
603019.SH,,,,1.0,,,,,,,,
603020.SH,,,,,,,,,,,,
603021.SH,,,,1.0,,,,,,,,
603022.SH,,,,,,,,,,,,
603023.SH,,,,,,,,,,,,
603025.SH,,,1.0,,,,,,,,,
603026.SH,,,,,,,,,,,,
603027.SH,,,,,,,,,,,,
603028.SH,,,,,,,,,,,,
603029.SH,,,,,,,,,,,,
603030.SH,,,,1.0,,,,,,,,
603031.SH,,,,,,,,,,,,
603032.SH,,,,,,,,,,,,
603033.SH,1.0,,,,,,,,,,,
603035.SH,,,,,,,,,,,,
603036.SH,,,,,,,,,,,,
603037.SH,,,,,,,,,,,,
603038.SH,,,,,,,,,,,,
603039.SH,,,,,,,,,,,,
603040.SH,,,,,,,,,,,,
603041.SH,,,,,,,,,,,,
603042.SH,,,,,,,,,,,,
603043.SH,,,,,,,,,,,,
603045.SH,,,,,,,,,,,,
603050.SH,,,,,,,,,,,,
603053.SH,,,,,,,,,,,,
603055.SH,,,,,,,,,,,,
603056.SH,,,,,,,,,,,,
603058.SH,,,,,,,,,,,,
603059.SH,,,,,,,,,,,,
603060.SH,,,,,,,,,,,,
603063.SH,,,,,,,,,,,,
603066.SH,,,,,,,,,,,,
603067.SH,,,,,,,,,,,,
603068.SH,,,,,,,,,,,,
603069.SH,,,,,,,,,,,,
603076.SH,,,,,,,,,,,,
603077.SH,,,,1.0,1.0,1.0,,,,,,
603078.SH,,,,,,,,,,,,
603079.SH,,,,,,,,,,,,
603080.SH,,,,,,,,,,,,
603081.SH,,,,,,,,,,,,
603083.SH,,,,,,,,,,,,
603085.SH,,,,1.0,,,,,,,,
603086.SH,,,,,,,,,,,,
603088.SH,,,,,,,,,,,,
603089.SH,,,,,,,,,,,,
603090.SH,,,,,,,,,,,,
603093.SH,,,,,,,,,,,,
603095.SH,,,,,,,,,,,,
603096.SH,,,,,,,,,,,,
603098.SH,,,,,,,,,,,,
603099.SH,,,,,,,,,,,,
603100.SH,,,,,,,,,,,,
603101.SH,,,,,,,,,,,,
603103.SH,,,,,,,,,,,,
603105.SH,,,,,,,,,,,,
603106.SH,,,,,,,,,,,,
603108.SH,,,,1.0,,,,,,,,
603109.SH,,,,,,,,,,,,
603110.SH,,,,,,,,,,,,
603111.SH,,1.0,1.0,,,,,,,,,
603113.SH,,,,,,,,,,,,
603115.SH,,,,,,,,,,,,
603116.SH,,,,,,,,,,,,
603117.SH,,,,1.0,,,,,,,,
603118.SH,,,,1.0,,,,,,,,
603121.SH,,,,,,,,,,,,
603123.SH,,,,,,1.0,,,,,,
603126.SH,,,,,,,,,,,,
603127.SH,,,,,,,,,,,,
603128.SH,,,,1.0,,,,,,,,
603129.SH,,,,,,,,,,,,
603131.SH,1.0,1.0,,,,,,,,,,
603133.SH,,,,,,,,,,,,
603136.SH,,,,,,,,,,,,
603138.SH,,,,,,,,,,,,
603139.SH,,,,,,,,,,,,
603156.SH,,,,,,,,,,,,
603157.SH,,,,,,,,,,,,
603158.SH,,,,,,,,,,,,
603159.SH,,,,,,,,,,,,
603160.SH,,,,,,,,,,,,
603161.SH,,,,,,,,,,,,
603165.SH,,,,,,,,,,,,
603166.SH,,,,,1.0,,,,,,,
603167.SH,,,,,,,,,,,,
603168.SH,,,,1.0,,,,,,,,
603169.SH,,,1.0,1.0,,,,,,,,
603177.SH,,,,,,,,,,,,
603178.SH,,,,,,,,,,,,
603179.SH,,,,,,,,,,,,
603180.SH,,,,,,,,,,,,
603181.SH,,,,,,,,,,,,
603183.SH,1.0,,,,,,,,,,,
603185.SH,,,,,,,,,,,,
603186.SH,,,,,,,,,,,,
603187.SH,,,,,,,,,,,,
603188.SH,,,,,,,,,,,,
603189.SH,,,,,,,,,,,,
603192.SH,,,,,,,,,,,,
603195.SH,,,,,,,,,,,,
603196.SH,,,,,,,,,,,,
603197.SH,,,,,,,,,,,,
603198.SH,,,,,,,,,,,,
603199.SH,,,,,,,,,,,,
603200.SH,,,,,,,,,,,,
603203.SH,,,,,,,,,,,,
603208.SH,,,,,,,,,,,,
603212.SH,,,,,,,,,,,,
603214.SH,,,,,,,,,,,,
603217.SH,,,,,,,,,,,,
603218.SH,,,,,,,,,,,,
603220.SH,,,,,,,,,,,,
603221.SH,,,,,,,,,,,,
603222.SH,,,,,,,,,,,,
603223.SH,,1.0,,,,,,,,,,
603225.SH,1.0,,,,,,,,,,,
603226.SH,,,,,,,,,,,,
603227.SH,,,,,,,,,,,,
603228.SH,,,,,,,,,,,,
603229.SH,,,,,,,,,,,,
603232.SH,,,,,,,,,,,,
603233.SH,,,,,,,,,,,,
603236.SH,,,,,,,,,,,,
603238.SH,,,,,,,,,,,,
603239.SH,,,,,,,,,,,,
603256.SH,,,,,,,,,,,,
603258.SH,,,,,,,,,,,,
603259.SH,,,,,,,,,,,,
603260.SH,,,,,,,,,,,,
603266.SH,,,,,,,,,,,,
603267.SH,,,,,,,,,,,,
603268.SH,,,,,,,,,,,,
603269.SH,,,,,,,,,,,,
603277.SH,,,,,,,,,,,,
603278.SH,,,,,,,,,,,,
603279.SH,,,,,,,,,,,,
603283.SH,1.0,,,,,,,,,,,
603286.SH,,,,,,,,,,,,
603288.SH,,,,,,,,,,,,
603289.SH,,,,,,,,,,,,
603290.SH,,,,,,,,,,,,
603297.SH,,,,,,,,,,,,
603298.SH,,,,,,,,,,,,
603299.SH,1.0,,,,,,,,,,,
603300.SH,,1.0,,,,,,,,,,
603301.SH,,,,,,,,,,,,
603303.SH,,,,,,,,,,,,
603305.SH,,,,,,,,,,,,
603306.SH,,,1.0,,,,,,,,,
603308.SH,1.0,,,1.0,,,,,,,,
603309.SH,,,,,,,,,,,,
603311.SH,,,,,,,,,,,,
603313.SH,,,,,,,,,,,,
603315.SH,1.0,,1.0,,,,,,,,,
603316.SH,,,,,,,,,,,,
603317.SH,,,,,,,,,,,,
603318.SH,,,1.0,,,,,,,,,
603319.SH,,,,,,,,,,,,
603320.SH,,,,,,,,,,,,
603321.SH,,,,,,,,,,,,
603322.SH,,,,,,,,,,,,
603323.SH,,,,,,,,,,,,
603326.SH,,,,,,,,,,,,
603327.SH,,,,,,,,,,,,
603328.SH,,,,,,,,,,,,
603329.SH,,,,,,,,,,,,
603330.SH,,,,,,,,,,,,
603331.SH,,,,,,,,,,,,
603332.SH,,,,,,,,,,,,
603333.SH,,,,,,,,,,,,
603335.SH,,,,,,,,,,,,
603336.SH,,,,,,,,,,,,
603337.SH,,,,,,,,,,,,
603338.SH,,,1.0,,,,,,,,,
603339.SH,,,,,,,,,,,,
603345.SH,,,,,,,,,,,,
603348.SH,,,,,,,,,,,,
603351.SH,,,,,,,,,,,,
603353.SH,,,,,,,,,,,,
603355.SH,,,,,,,,,,,,
603356.SH,,,,,,,,,,,,
603357.SH,,,,,,,,,,,,
603358.SH,,,,,,,,,,,,
603359.SH,,,,,,,,,,,,
603360.SH,,,,,,,,,,,,
603363.SH,,,,,,,,,,,,
603365.SH,,,,,,,,,,,,
603366.SH,,,,,,,,,,,,
603367.SH,,,,,,,,,,,,
603368.SH,,,,1.0,,,,,,,,
603369.SH,,,,,,,,,,,,
603377.SH,,,,,,,,,,,,
603378.SH,,,,,,,,,,,,
603379.SH,,,,,,,,,,,,
603380.SH,,,,,,,,,,,,
603383.SH,,,,,,,,,,,,
603385.SH,,,,,,,,,,,,
603386.SH,1.0,,,,,,,,,,,
603387.SH,,,,,,,,,,,,
603388.SH,,,,,,,,,,,,
603389.SH,,,,,,,,,,,,
603390.SH,,,,,,,,,,,,
603392.SH,,,,,,,,,,,,
603393.SH,,,,,,,,,,,,
603396.SH,,,,,,,,,,,,
603398.SH,,,,,,,,,,,,
603399.SH,,,,,1.0,,,,,,,
603416.SH,,,,,,,,,,,,
603421.SH,,,,,,,,,,,,
603429.SH,1.0,,,,,,,,,,,
603439.SH,,,,,,,,,,,,
603444.SH,,,,,,,,,,,,
603456.SH,,,,,1.0,,,,,,,
603458.SH,,,,,,,,,,,,
603466.SH,,,,,,,,,,,,
603477.SH,,,,,,,,,,,,
603486.SH,,,,,,,,,,,,
603488.SH,,,,,,,,,,,,
603489.SH,,,,,,,,,,,,
603496.SH,,,,,,,,,,,,
603499.SH,,,,,,,,,,,,
603500.SH,,,,,,,,,,,,
603501.SH,1.0,,,,,,,,,,,
603505.SH,,,,,,,,,,,,
603506.SH,,,,,,,,,,,,
603507.SH,,,,,,,,,,,,
603508.SH,1.0,,,,,,,,,,,
603515.SH,,,,,,,,,,,,
603516.SH,,,,,,,,,,,,
603517.SH,,,,,,,,,,,,
603518.SH,,1.0,,,,,,,,,,
603519.SH,,,,,,,,,,,,
603520.SH,,,,,,,,,,,,
603527.SH,,,,,,,,,,,,
603528.SH,,,,,,,,,,,,
603530.SH,,,,,,,,,,,,
603533.SH,,,,,,,,,,,,
603535.SH,,,,,,,,,,,,
603536.SH,,,,,,,,,,,,
603538.SH,,,,,,,,,,,,
603551.SH,,,,,,,,,,,,
603555.SH,,,,1.0,,,,,,,,
603556.SH,,,,,,,,,,,,
603557.SH,,,,,,,,,,,,
603558.SH,,,1.0,1.0,,,,,,,,
603559.SH,,1.0,,,,,,,,,,
603566.SH,,,,,,,,,,,,
603567.SH,,,,,,,,,,,,
603568.SH,,,,,,,,,,,,
603569.SH,,,,,,,,,,,,
603577.SH,1.0,,,,,,,,,,,
603578.SH,,,,,,,,,,,,
603579.SH,,,,,,,,,,,,
603580.SH,,,,,,,,,,,,
603583.SH,,,,,,,,,,,,
603585.SH,,,,,,,,,,,,
603586.SH,,,,,,,,,,,,
603587.SH,,,,,,,,,,,,
603588.SH,,,,,,,,,,,,
603589.SH,,,,,,,,,,,,
603590.SH,,,,,,,,,,,,
603595.SH,1.0,,,,,,,,,,,
603596.SH,,,,,,,,,,,,
603598.SH,,,,,,,,,,,,
603599.SH,,1.0,,,,,,,,,,
603600.SH,,1.0,,,,,,,,,,
603601.SH,,,,1.0,,,,,,,,
603602.SH,,,,,,,,,,,,
603603.SH,1.0,,,,,,,,,,,
603605.SH,,,,,,,,,,,,
603606.SH,,,1.0,,,,,,,,,
603607.SH,,,,,,,,,,,,
603608.SH,,,1.0,,,,,,,,,
603609.SH,1.0,,,,,,,,,,,
603610.SH,,,,,,,,,,,,
603611.SH,,,1.0,,,,,,,,,
603612.SH,,,,,,,,,,,,
603613.SH,,,,,,,,,,,,
603615.SH,,,,,,,,,,,,
603616.SH,,,,,,,,,,,,
603617.SH,,,,,,,,,,,,
603618.SH,,,,1.0,,,,,,,,
603619.SH,,,,,,,,,,,,
603626.SH,,,,,,,,,,,,
603628.SH,,,,,,,,,,,,
603629.SH,,,,,,,,,,,,
603630.SH,,,,,,,,,,,,
603633.SH,,,,,,,,,,,,
603636.SH,,,,,,,,,,,,
603637.SH,,,,,,,,,,,,
603638.SH,1.0,,,,,,,,,,,
603639.SH,,,,,,,,,,,,
603648.SH,,,,,,,,,,,,
603650.SH,,,,,,,,,,,,
603655.SH,,,,,,,,,,,,
603656.SH,,,,,,,,,,,,
603657.SH,,,,,,,,,,,,
603658.SH,,,,,,,,,,,,
603659.SH,,,,,,,,,,,,
603660.SH,,,,,,,,,,,,
603661.SH,,,,,,,,,,,,
603662.SH,,,,,,,,,,,,
603663.SH,,,,,,,,,,,,
603665.SH,,,,,,,,,,,,
603666.SH,,,,,,,,,,,,
603667.SH,1.0,,,,,,,,,,,
603668.SH,,,,,,,,,,,,
603669.SH,,,,,,,,,,,,
603676.SH,,,,,,,,,,,,
603677.SH,,,,,,,,,,,,
603678.SH,,,,1.0,,,,,,,,
603679.SH,,,,,,,,,,,,
603680.SH,,,,,,,,,,,,
603681.SH,,,,,,,,,,,,
603682.SH,,,,,,,,,,,,
603683.SH,,,,,,,,,,,,
603685.SH,,,,,,,,,,,,
603686.SH,,,1.0,,,,,,,,,
603687.SH,,,,,,,,,,,,
603688.SH,,,,,,,,,,,,
603689.SH,,,,,,,,,,,,
603690.SH,1.0,,,,,,,,,,,
603693.SH,,,,,,,,,,,,
603696.SH,,,,,,,,,,,,
603697.SH,,,,,,,,,,,,
603698.SH,,,,,,,,,,,,
603699.SH,,,,,,,,,,,,
603700.SH,,,,,,,,,,,,
603701.SH,,,,,,,,,,,,
603703.SH,,,,,,,,,,,,
603706.SH,,,,,,,,,,,,
603707.SH,,,,,,,,,,,,
603708.SH,,,,,,,,,,,,
603709.SH,,,,,,,,,,,,
603711.SH,,,,,,,,,,,,
603712.SH,,,,,,,,,,,,
603713.SH,,,,,,,,,,,,
603716.SH,,1.0,,,,,,,,,,
603717.SH,,,,,,,,,,,,
603718.SH,,,,,,,,,,,,
603719.SH,,,,,,,,,,,,
603721.SH,,,,,,,,,,,,
603722.SH,,,,,,,,,,,,
603725.SH,,,,,,,,,,,,
603726.SH,,,,,,,,,,,,
603727.SH,,,,,,,,,,,,
603728.SH,,,,,,,,,,,,
603729.SH,,,,,,,,,,,,
603730.SH,,,,,,,,,,,,
603733.SH,,,,,,,,,,,,
603737.SH,,,,,,,,,,,,
603738.SH,,,,,,,,,,,,
603739.SH,,,,,,,,,,,,
603755.SH,,,,,,,,,,,,
603757.SH,,,,,,,,,,,,
603758.SH,,,,,,,,,,,,
603766.SH,,,,,1.0,,,,,,,
603767.SH,,,,,,,,,,,,
603768.SH,,,,,,,,,,,,
603773.SH,,,,,,,,,,,,
603776.SH,,,,,,,,,,,,
603777.SH,,,,,,,,,,,,
603778.SH,,,,,,,,,,,,
603779.SH,,,1.0,,,,,,,,,
603786.SH,,,,,,,,,,,,
603787.SH,,,,,,,,,,,,
603788.SH,,,1.0,,,,,,,,,
603789.SH,,,,,,,,,,,,
603790.SH,,,,,,,,,,,,
603797.SH,,,,,,,,,,,,
603798.SH,,,,,,,,,,,,
603799.SH,,,,1.0,,,,,,,,
603800.SH,,,,,,,,,,,,
603801.SH,,,,,,,,,,,,
603803.SH,,,,,,,,,,,,
603806.SH,,,,,,,,,,,,
603808.SH,,,,,,,,,,,,
603809.SH,,,,,,,,,,,,
603810.SH,,,,,,,,,,,,
603811.SH,,,,,,,,,,,,
603813.SH,,,,,,,,,,,,
603815.SH,,,,,,,,,,,,
603816.SH,,,,,,,,,,,,
603817.SH,,,,,,,,,,,,
603818.SH,,,,,,,,,,,,
603819.SH,,,,,,,,,,,,
603822.SH,,,,,,,,,,,,
603823.SH,,,,,,,,,,,,
603825.SH,,,,,,,,,,,,
603826.SH,,,,,,,,,,,,
603828.SH,,,,,,,,,,,,
603829.SH,,,,,,,,,,,,
603833.SH,,,,,,,,,,,,
603838.SH,,,,,,,,,,,,
603839.SH,,,,,,,,,,,,
603843.SH,,,,,,,,,,,,
603848.SH,,,,,,,,,,,,
603855.SH,,,,,,,,,,,,
603856.SH,,,,,,,,,,,,
603858.SH,,,,,,,,,,,,
603859.SH,1.0,,,,,,,,,,,
603860.SH,,,,,,,,,,,,
603861.SH,,1.0,,,,,,,,,,
603863.SH,,,,,,,,,,,,
603866.SH,,,1.0,,,,,,,,,
603867.SH,,,,,,,,,,,,
603868.SH,,,,,,,,,,,,
603869.SH,,,,1.0,,,,,,,,
603871.SH,,,,,,,,,,,,
603876.SH,,,,,,,,,,,,
603877.SH,,,,,,,,,,,,
603878.SH,,,,,,,,,,,,
603879.SH,,,,,,,,,,,,
603880.SH,,,,,,,,,,,,
603881.SH,,,,,,,,,,,,
603882.SH,,,,,,,,,,,,
603883.SH,,,1.0,,,,,,,,,
603885.SH,1.0,,,1.0,,,,,,,,
603886.SH,,,,,,,,,,,,
603887.SH,1.0,,,,,,,,,,,
603888.SH,,,,,,,,,,,,
603889.SH,,,1.0,,,,,,,,,
603890.SH,,,,,,,,,,,,
603893.SH,,,,,,,,,,,,
603895.SH,,,,,,,,,,,,
603896.SH,,,,,,,,,,,,
603897.SH,,,,,,,,,,,,
603898.SH,,,1.0,,,,,,,,,
603899.SH,,,,,,,,,,,,
603900.SH,,,,,,,,,,,,
603901.SH,,1.0,,,,,,,,,,
603903.SH,,,,,,,,,,,,
603906.SH,,,,,,,,,,,,
603908.SH,,,,,,,,,,,,
603909.SH,,,,,,,,,,,,
603912.SH,,,,,,,,,,,,
603915.SH,,,,,,,,,,,,
603916.SH,,,,,,,,,,,,
603917.SH,,,,,,,,,,,,
603918.SH,,,,,,,,,,,,
603919.SH,1.0,,,,,,,,,,,
603920.SH,,,,,,,,,,,,
603922.SH,,,,,,,,,,,,
603926.SH,,,,,,,,,,,,
603927.SH,,,,,,,,,,,,
603928.SH,,,,,,,,,,,,
603929.SH,,,,,,,,,,,,
603933.SH,,,,,,,,,,,,
603936.SH,1.0,1.0,,,,,,,,,,
603937.SH,,,,,,,,,,,,
603938.SH,,,,,,,,,,,,
603939.SH,,1.0,,1.0,,,,,,,,
603948.SH,,,,,,,,,,,,
603949.SH,,,,,,,,,,,,
603950.SH,,,,,,,,,,,,
603955.SH,,,,,,,,,,,,
603956.SH,,,,,,,,,,,,
603958.SH,,,,,,,,,,,,
603959.SH,,,,,,,,,,,,
603960.SH,,,,,,,,,,,,
603963.SH,,,,,,,,,,,,
603966.SH,,,,,,,,,,,,
603967.SH,,,,,,,,,,,,
603968.SH,,,,,,,,,,,,
603969.SH,,,,,,,,,,,,
603970.SH,,,,,,,,,,,,
603976.SH,,,,,,,,,,,,
603977.SH,,1.0,,,,,,,,,,
603978.SH,,,,,,,,,,,,
603979.SH,,,,,,,,,,,,
603980.SH,,,,,,,,,,,,
603982.SH,,,,,,,,,,,,
603983.SH,,,,,,,,,,,,
603985.SH,,,,,,,,,,,,
603986.SH,1.0,,,,,,,,,,,
603987.SH,,,,,,,,,,,,
603988.SH,,,,,,,,,,,,
603989.SH,,,,,,,,,,,,
603990.SH,,,,,,,,,,,,
603991.SH,,,,,,,,,,,,
603992.SH,,,,,,,,,,,,
603993.SH,,,1.0,,,,,,,,,
603995.SH,,,,,,,,,,,,
603996.SH,,,,,,,,,,,,
603997.SH,1.0,,,,,,,,,,,
603998.SH,,,,,,,,,,,,
603999.SH,,,,,,,,,,,,
605001.SH,,,,,,,,,,,,
605168.SH,,,,,,,,,,,,
605288.SH,,,,,,,,,,,,
688001.SH,,,,,,,,,,,,
688002.SH,,,,,,,,,,,,
688003.SH,,,,,,,,,,,,
688005.SH,,,,,,,,,,,,
688006.SH,,,,,,,,,,,,
688007.SH,,,,,,,,,,,,
688008.SH,,,,,,,,,,,,
688009.SH,,,,,,,,,,,,
688010.SH,,,,,,,,,,,,
688011.SH,,,,,,,,,,,,
688012.SH,,,,,,,,,,,,
688015.SH,,,,,,,,,,,,
688016.SH,,,,,,,,,,,,
688018.SH,,,,,,,,,,,,
688019.SH,,,,,,,,,,,,
688020.SH,,,,,,,,,,,,
688021.SH,,,,,,,,,,,,
688022.SH,,,,,,,,,,,,
688023.SH,,,,,,,,,,,,
688025.SH,,,,,,,,,,,,
688026.SH,,,,,,,,,,,,
688028.SH,,,,,,,,,,,,
688029.SH,,,,,,,,,,,,
688030.SH,,,,,,,,,,,,
688033.SH,,,,,,,,,,,,
688036.SH,,,,,,,,,,,,
688037.SH,,,,,,,,,,,,
688039.SH,,,,,,,,,,,,
688051.SH,,,,,,,,,,,,
688058.SH,,,,,,,,,,,,
688066.SH,,,,,,,,,,,,
688068.SH,,,,,,,,,,,,
688078.SH,,,,,,,,,,,,
688080.SH,,,,,,,,,,,,
688081.SH,,,,,,,,,,,,
688085.SH,,,,,,,,,,,,
688086.SH,,,,,,,,,,,,
688088.SH,,,,,,,,,,,,
688089.SH,,,,,,,,,,,,
688090.SH,,,,,,,,,,,,
688096.SH,,,,,,,,,,,,
688098.SH,,,,,,,,,,,,
688099.SH,,,,,,,,,,,,
688100.SH,,,,,,,,,,,,
688101.SH,,,,,,,,,,,,
688108.SH,,,,,,,,,,,,
688111.SH,,,,,,,,,,,,
688116.SH,,,,,,,,,,,,
688118.SH,,,,,,,,,,,,
688122.SH,,,,,,,,,,,,
688123.SH,,,,,,,,,,,,
688126.SH,,,,,,,,,,,,
688128.SH,,,,,,,,,,,,
688138.SH,,,,,,,,,,,,
688139.SH,,,,,,,,,,,,
688158.SH,,,,,,,,,,,,
688159.SH,,,,,,,,,,,,
688166.SH,,,,,,,,,,,,
688168.SH,,,,,,,,,,,,
688169.SH,,,,,,,,,,,,
688177.SH,,,,,,,,,,,,
688178.SH,,,,,,,,,,,,
688181.SH,,,,,,,,,,,,
688186.SH,,,,,,,,,,,,
688188.SH,,,,,,,,,,,,
688189.SH,,,,,,,,,,,,
688196.SH,,,,,,,,,,,,
688198.SH,,,,,,,,,,,,
688199.SH,,,,,,,,,,,,
688200.SH,,,,,,,,,,,,
688202.SH,,,,,,,,,,,,
688208.SH,,,,,,,,,,,,
688218.SH,,,,,,,,,,,,
688222.SH,,,,,,,,,,,,
688228.SH,,,,,,,,,,,,
688233.SH,,,,,,,,,,,,
688258.SH,,,,,,,,,,,,
688266.SH,,,,,,,,,,,,
688268.SH,,,,,,,,,,,,
688278.SH,,,,,,,,,,,,
688288.SH,,,,,,,,,,,,
688298.SH,,,,,,,,,,,,
688299.SH,,,,,,,,,,,,
688300.SH,,,,,,,,,,,,
688310.SH,,,,,,,,,,,,
688318.SH,,,,,,,,,,,,
688321.SH,,,,,,,,,,,,
688333.SH,,,,,,,,,,,,
688357.SH,,,,,,,,,,,,
688358.SH,,,,,,,,,,,,
688360.SH,,,,,,,,,,,,
688363.SH,,,,,,,,,,,,
688365.SH,,,,,,,,,,,,
688366.SH,,,,,,,,,,,,
688368.SH,,,,,,,,,,,,
688369.SH,,,,,,,,,,,,
688388.SH,,,,,,,,,,,,
688389.SH,,,,,,,,,,,,
688396.SH,,,,,,,,,,,,
688398.SH,,,,,,,,,,,,
688399.SH,,,,,,,,,,,,
688466.SH,,,,,,,,,,,,
688516.SH,,,,,,,,,,,,
688566.SH,,,,,,,,,,,,
688588.SH,,,,,,,,,,,,
688598.SH,,,,,,,,,,,,
